filename,width,height,class,xmin,ymin,xmax,ymax
20190207_173629_jpg.rf.0004c1b7b2a6b150013076960ec1a98c.jpg,640,640,healthy,169,9,522,599
IMG_20180916_110610_jpg.rf.00750b3462b5507c40e1020326e10a33.jpg,640,640,healthy,44,101,575,463
20190207_173016_jpg.rf.0139f673f042f7ca427c71eb5d742e1f.jpg,640,640,healthy,108,58,445,631
IMG_20180821_141517_jpg.rf.016a25b7a867fec620541f10bd09ff3d.jpg,640,640,bxw,75,152,572,462
IMG_20180916_123004_jpg.rf.01796df91480fc75ef75687267e46001.jpg,640,640,healthy,114,7,445,574
IMG_20180916_125017_jpg.rf.01afd77892575b37dc05de169ef5828f.jpg,640,640,healthy,5,112,611,475
IMG_20180917_114907_jpg.rf.01eb9d243a336ee2ce29f4b9f8c10a41.jpg,640,640,healthy,38,58,580,561
IMG_20180821_123911_jpg.rf.0213e1480818042861b8239dbb16f691.jpg,640,640,bxw,107,40,445,618
IMG_20180917_110851_jpg.rf.022826135fe0832805def6ca9849b42e.jpg,640,640,healthy,39,10,613,612
IMG_20190208_111750_jpg.rf.032d80c55b54c979e2803c3b24c22844.jpg,640,640,healthy,50,35,481,616
20190207_180303_jpg.rf.037af968d7391bcb4a99b695c307c42d.jpg,640,640,healthy,94,66,506,604
IMG_20180916_125754_jpg.rf.020995cabcfc246785dd5f7f661fd1c8.jpg,640,640,healthy,173,0,515,626
IMG_20180821_120633_jpg.rf.040762d79f00fcb5676c42d5cae6b485.jpg,640,640,bxw,75,38,640,587
IMG_20180821_121309_jpg.rf.05fb7c1550d88bda977cc2240d46d25b.jpg,640,640,bxw,43,46,504,612
IMG_20180821_133009_jpg.rf.060e138e3a21d87973bbe859596c9d43.jpg,640,640,bxw,30,107,625,485
IMG_20180917_113258_jpg.rf.01ad0d76ff2523370aa67e1a1f208543.jpg,640,640,healthy,76,62,549,504
20190207_172416_jpg.rf.0646320e1b3c32b6dafcdc3db15adb3c.jpg,640,640,healthy,126,25,408,601
IMG_20180821_131703_jpg.rf.021fad56cc28d2e269526ee2e034e28f.jpg,640,640,bxw,183,33,545,614
IMG_20180821_113836_jpg.rf.08028bda7990e7ff1b842265196fe9eb.jpg,640,640,bxw,46,55,534,625
20190207_180356_jpg.rf.01d7012e4e8bfa4d77369895d60ffa59.jpg,640,640,healthy,22,62,608,507
IMG_20180821_125757_jpg.rf.07f24e75dd0e856d4fa43e4315dccbb0.jpg,640,640,bxw,11,99,621,468
IMG_20180821_112906_jpg.rf.0211901ede7c07d9bceaae6428560c2a.jpg,640,640,bxw,38,53,427,551
IMG_20180917_120704_jpg.rf.086262119e07743d96870c921accba8d.jpg,640,640,healthy,163,105,606,562
IMG_20180821_123342_jpg.rf.09850389b4f0d0e9da63416076010d3a.jpg,640,640,bxw,100,11,538,589
IMG_20180821_130301_jpg.rf.08ff5303030a568455fe5f3a0f936590.jpg,640,640,bxw,21,84,634,421
IMG_20180821_122627_jpg.rf.05859122e33aa5194e3062830f7fb939.jpg,640,640,bxw,143,59,576,595
IMG_20190208_112058_jpg.rf.09ae7bd2bef07402395c32293a32b3fa.jpg,640,640,healthy,92,41,512,576
IMG_20180821_133815_jpg.rf.0994f6a50e2765ab70c065adda5f2de8.jpg,640,640,bxw,0,93,594,408
IMG_20180817_135707_jpg.rf.0938dd3df980913cf4d2b898f9c6a6bf.jpg,640,640,bxw,140,36,450,621
IMG_20190208_112143_jpg.rf.0a029cf6d8b96a43dd7769fb45d02858.jpg,640,640,healthy,36,132,577,532
IMG_20180916_110758_jpg.rf.079e6f086d2acfd38c8eb90560fb08f0.jpg,640,640,healthy,45,138,632,504
IMG_20180821_140120_jpg.rf.0b0b4e4b45ea02deab06df9b4fdf055c.jpg,640,640,bxw,150,36,493,592
IMG_20180821_125641_jpg.rf.0a0a918d31c4689ae057c793203da856.jpg,640,640,bxw,71,24,455,640
IMG_20180821_121425_jpg.rf.04b46877b274df2385a25556c0111951.jpg,640,640,bxw,80,34,530,627
IMG_20180821_121009_jpg.rf.08125599318c668b80482be6360d094d.jpg,640,640,bxw,104,61,520,640
20190207_180424_jpg.rf.0a29e3a64a691a6ba34b7b642520a024.jpg,640,640,healthy,23,58,599,523
IMG_20180821_142644_jpg.rf.0f3b89b71508fc6a7c3ddf1d42f8fc51.jpg,640,640,bxw,30,141,625,464
IMG_20180916_125151_jpg.rf.0b2c82b2d01a0f1e34d2a0bb38f6fbf5.jpg,640,640,healthy,178,36,524,617
IMG_20180821_121531_jpg.rf.0a341590ffc537dd1276fdbe8c199654.jpg,640,640,bxw,40,121,600,506
IMG_20180821_133348_jpg.rf.0d982446e2cb25d9522c9f79609b3885.jpg,640,640,bxw,16,116,610,478
IMG_20180916_125926_jpg.rf.07c2ce8bf70cb0d5aa8977f278eee0c6.jpg,640,640,healthy,47,213,608,533
IMG_20180821_142330_jpg.rf.10360c7aea35aa9a65a255f91fc2a21c.jpg,640,640,bxw,31,148,635,459
IMG_20180917_113310_jpg.rf.0d5c5adc6775628f441c48168c12a384.jpg,640,640,healthy,33,53,574,569
IMG_20180821_122941_jpg.rf.0dfa494aa2828df81634d75317862542.jpg,640,640,bxw,106,51,461,635
IMG_20180817_135414_jpg.rf.0c741816211c70c06493e08d31e67c28.jpg,640,640,bxw,15,73,615,476
IMG_20180917_110905_jpg.rf.0fe0f38b12c5f970f202ccd6d90245a4.jpg,640,640,healthy,20,54,628,595
IMG_20180916_103634_jpg.rf.109d139822dda009e92f058ccd8f414c.jpg,640,640,healthy,74,141,567,431
IMG_20180917_105227_jpg.rf.0eb8632195a56a2cdbc64d8396504cbb.jpg,640,640,healthy,32,10,625,619
IMG_20180821_134113_jpg.rf.111921d10b7585aafef5a1646d16ff91.jpg,640,640,bxw,221,11,521,604
IMG_20180917_124855_jpg.rf.125e109757d7d68e6839e6dbf5482c95.jpg,640,640,healthy,55,68,619,590
IMG_20180917_123532_jpg.rf.122d4dabbd53640f454b974366be47d9.jpg,640,640,healthy,96,93,527,506
IMG_20180916_124848_jpg.rf.11efab9f69d8b77452de889442f61da3.jpg,640,640,healthy,182,8,524,602
20190207_172732_jpg.rf.10b9843c0b92cb873ac35cd4257dcf4b.jpg,640,640,healthy,29,226,585,542
20190207_173300_jpg.rf.0a1f7ed647cb23c873e280ea107291cf.jpg,640,640,healthy,119,29,443,619
IMG_20180916_123659_jpg.rf.1242fadf6956e815e4cea8f4211ebf1a.jpg,640,640,healthy,190,15,500,606
IMG_20180817_141051_jpg.rf.1048c38b1664426313266d04572b62a8.jpg,640,640,bxw,149,30,474,624
IMG_20180817_135741_jpg.rf.0a61aa60ebfc26c283855cc0f2fa3f5f.jpg,640,640,bxw,132,40,439,591
IMG_20180817_135741_jpg.rf.0a61aa60ebfc26c283855cc0f2fa3f5f.jpg,640,640,bxw,245,436,251,453
IMG_20180821_131628_jpg.rf.0de2bf3561356642ee9b56ca8bbe024e.jpg,640,640,bxw,149,31,481,627
IMG_20180821_121439_jpg.rf.10a5ff64622881eb331827c8b96e1418.jpg,640,640,bxw,65,30,505,581
IMG_20180817_141604_jpg.rf.117099d2393d397029c86822c3ddbef5.jpg,640,640,bxw,29,201,628,566
IMG_20180821_114524_jpg.rf.0de958baf6aa1f2e6df899e3c8f47630.jpg,640,640,bxw,62,29,515,610
IMG_20180916_123734_jpg.rf.11704b73151df8f8693d013f90378bef.jpg,640,640,healthy,225,28,541,627
IMG_20180821_140801_jpg.rf.12154d1d97b047ade3c9a8d8ebb0a59d.jpg,640,640,bxw,98,156,571,434
IMG_20180821_114501_jpg.rf.13929dc2d424c4422f61ab80f9ac3aad.jpg,640,640,bxw,132,21,574,586
IMG_20180821_123804_jpg.rf.12a4dcdfe9f2afa30028e1ad7b854cab.jpg,640,640,bxw,43,102,597,531
IMG_20180821_122113_jpg.rf.137384b0ccadb49d2026e7b2bd2c2fab.jpg,640,640,bxw,84,28,520,626
IMG_20180821_132745_jpg.rf.1123ec398be45b5e1820e1be369b8aff.jpg,640,640,bxw,38,161,626,523
20190207_173649_jpg.rf.122520e5a00229e9105568bdf0056a46.jpg,640,640,healthy,0,113,619,485
IMG_20180917_123557_jpg.rf.10e7c31d0f1c3abb42be41519478816f.jpg,640,640,healthy,88,145,568,610
IMG_20180916_125128_jpg.rf.131abed095e488d574fede4b2941b896.jpg,640,640,healthy,140,4,523,613
IMG_20180917_122525_jpg.rf.1477738b57131221c13929544ec31efb.jpg,640,640,healthy,135,96,543,478
IMG_20180917_124016_jpg.rf.0d73114a6bcc598977f74b15070d9b7a.jpg,640,640,healthy,0,8,594,574
IMG_20180821_140047_jpg.rf.13e89a60bd0fb28a9836287ecff91598.jpg,640,640,bxw,195,43,589,609
IMG_20180821_122421_jpg.rf.138d0d50388d80f55553fac6ccf0d4e6.jpg,640,640,bxw,193,48,603,595
IMG_20180821_113712_jpg.rf.16f4947334be532a01c8ee25b9800ed0.jpg,640,640,bxw,90,28,495,616
IMG_20180917_124951_jpg.rf.18f0f8bf586da0f12dfcf5f00ae9582c.jpg,640,640,healthy,71,49,558,572
IMG_20180821_113727_jpg.rf.14df1b945e26d350b9d9d7eb882bb873.jpg,640,640,bxw,18,49,587,440
20190207_180125_jpg.rf.173e762437b62b364be2c20ee06fa20a.jpg,640,640,healthy,97,1,405,578
IMG_20180821_114035_jpg.rf.15da8cb4096b063f987e46e6c06af20e.jpg,640,640,bxw,25,120,639,592
IMG_20180917_123043_jpg.rf.1b0fecdd679a4ab4527ad9ec7496e8c8.jpg,640,640,healthy,74,140,525,614
IMG_20180917_123614_jpg.rf.1ab91e342972ce8443ee3385017e77b6.jpg,640,640,healthy,96,191,459,553
IMG_20180917_113225_jpg.rf.15b39e58d3c101d46822507a2e6ae015.jpg,640,640,healthy,78,89,479,510
IMG_20180821_132056_jpg.rf.16c2a317a96d693987f109a80076981a.jpg,640,640,bxw,137,0,557,624
IMG_20180821_132922_jpg.rf.1505797500c45c256c001f71b8cda16d.jpg,640,640,bxw,33,128,625,436
IMG_20180917_122428_jpg.rf.187e1ede02e35a920c65ac29197da1db.jpg,640,640,healthy,15,23,612,571
IMG_20190208_113729_jpg.rf.1758ce2fe18e446b4715386bdb3c96a4.jpg,640,640,healthy,19,82,625,541
IMG_20180821_135608_jpg.rf.1756e12a578b5335e6b2c9389382f642.jpg,640,640,bxw,25,161,586,464
C360_2018-09-17-10-49-27-530_jpg.rf.1641fcbf87dafc68f1cdb324300edd73.jpg,640,640,healthy,1,98,617,472
IMG_20180917_110723_jpg.rf.188d6e1de2183ee45bf752da6c5374c9.jpg,640,640,healthy,11,14,594,605
IMG_20180821_140311_jpg.rf.185c6643f899f1ab1fbab48f2d488b9f.jpg,640,640,bxw,211,103,476,621
IMG_20190208_111139_jpg.rf.15438594667b70f60acd40037d8eb801.jpg,640,640,healthy,85,5,499,592
IMG_20180821_112505_jpg.rf.188c8b542c44f92fb44f4cf2489ae362.jpg,640,640,bxw,80,19,640,604
IMG_20180821_122042_jpg.rf.1bbd62c878be450010a8c7b79551df10.jpg,640,640,bxw,84,80,499,625
IMG_20180916_120825_jpg.rf.1bc08a6a5a1197cd780a6e977869e8c7.jpg,640,640,healthy,28,114,610,443
IMG_20180917_110644_1_jpg.rf.14fd82186ea9206cbcb717854dc99e57.jpg,640,640,healthy,17,0,601,597
IMG_20180804_155401_jpg.rf.1a5b4cfe0fa9fa465a07643c9a52ee17.jpg,640,640,healthy,119,289,468,544
IMG_20180817_135347_jpg.rf.1c655e4db63e2433ea89cc2d120d2e66.jpg,640,640,bxw,0,186,628,519
IMG_20180821_142419_jpg.rf.1cefc3232293b2fc1441e5e4cc223894.jpg,640,640,bxw,65,173,570,532
IMG_20180821_121229_jpg.rf.1c0c711c7e67c477c336775bc1ded1e1.jpg,640,640,bxw,8,15,513,640
IMG_20180821_122732_jpg.rf.1774d5250e80eb2d23b66caa13d436bf.jpg,640,640,bxw,35,41,635,606
20190207_180346_jpg.rf.1e070c6bf0c2f3821a51c6506c0a3e2d.jpg,640,640,healthy,64,33,456,611
IMG_20180916_125047_jpg.rf.1e106d9795a627b9e3896124c88e748e.jpg,640,640,healthy,209,45,504,551
IMG_20180821_132728_jpg.rf.1b31e87869a696b07306149bcec7d024.jpg,640,640,bxw,147,44,454,633
20190207_181755_jpg.rf.1b80b5de82a1d0af7c56ffa033bffe8d.jpg,640,640,healthy,116,54,455,608
IMG_20180916_123536_jpg.rf.1df1e59b38b895a5247736fc23881683.jpg,640,640,healthy,205,26,535,621
IMG_20180821_142305_jpg.rf.1cf14c79cabef3198a16e699a9be7083.jpg,640,640,bxw,151,43,412,598
IMG_20180821_114447_jpg.rf.19f9401797eceaf8eb86486932b68b8d.jpg,640,640,bxw,58,69,466,591
IMG_20180821_122141_jpg.rf.18e8b779e006c572c8949c32b8f4aa0e.jpg,640,640,bxw,75,33,537,595
IMG_20190208_113623_jpg.rf.1ced97604189384ec15f80dfb6c9fc28.jpg,640,640,healthy,20,133,599,525
IMG_20180821_141406_jpg.rf.1e2e56cbbe2087f8ef8e1d31ce88e1c9.jpg,640,640,bxw,17,63,637,444
IMG_20190208_111403_jpg.rf.a25b6f78f2ed53b10e075c3158653563.jpg,640,640,healthy,60,31,640,535
IMG_20180821_131531_jpg.rf.a2f482da5a71f007c278173c784f97ba.jpg,640,640,bxw,149,20,542,588
IMG_20180821_133532_jpg.rf.a172656e2861305c4cc11a4f9ddc7356.jpg,640,640,bxw,6,99,633,449
20190207_173419_jpg.rf.9dc5ff7ba04f18624e6e32073e22a646.jpg,640,640,healthy,184,77,516,605
C360_2018-09-17-10-39-03-087_jpg.rf.a284044f24f285e0f3c8206e4b346cb0.jpg,640,640,healthy,0,76,632,454
IMG_20180917_112404_jpg.rf.a37a20706d16849de2b148e64c384352.jpg,640,640,healthy,94,53,590,568
IMG_20180821_130357_jpg.rf.a1cf5dac9088fdca9a9a463fed250d53.jpg,640,640,bxw,40,29,519,604
20190207_173242_jpg.rf.a1f77d0b59e5ad3af76f91cabfea0190.jpg,640,640,healthy,137,41,475,611
IMG_20180821_140300_jpg.rf.9ff7a098a3fc5ff7550ce8fe3d0cefc4.jpg,640,640,bxw,169,84,548,624
IMG_20180821_132639_jpg.rf.a40dd483774009af8cd4cebce64a015d.jpg,640,640,bxw,64,111,627,396
IMG_20180916_125808_jpg.rf.a34142c824f3837ee180b68324cf09d0.jpg,640,640,healthy,191,35,498,610
IMG_20180917_121143_jpg.rf.a86b3275164fe8a7dafa42b54b9c9b07.jpg,640,640,healthy,63,62,583,566
IMG_20180917_122429_jpg.rf.a84679d6b500531b1c360f1ec2011847.jpg,640,640,healthy,17,22,612,568
IMG_20180821_121014_jpg.rf.9ed722bef9d102d37fce576e34675424.jpg,640,640,bxw,44,46,498,620
IMG_20180821_142031_jpg.rf.a5e8bfb80df67e706ad50dcd7c074e4a.jpg,640,640,bxw,169,28,514,608
IMG_20180821_142509_jpg.rf.a8cad90890431fc98e9e13f431c1d378.jpg,640,640,bxw,145,40,478,640
20190207_180019_jpg.rf.a948fd11c064a178e10645f0b10f9d67.jpg,640,640,healthy,151,41,438,613
IMG_20180916_110602_jpg.rf.a8ef56d10d2b58e4ff36d0d936dffeaa.jpg,640,640,healthy,47,86,640,467
IMG_20180916_125033_jpg.rf.a8a388b4131b8cf5dc8ce55a708e24b2.jpg,640,640,healthy,23,143,625,484
IMG_20180916_111008_jpg.rf.a777f62c1ee1e5c9ed89103bbcdc634b.jpg,640,640,healthy,3,103,599,449
IMG_20180917_124950_jpg.rf.a64b9cc8429e9c53adc7ac440dd28d97.jpg,640,640,healthy,66,49,559,577
IMG_20180804_170226_jpg.rf.a074c844ed04929797df1dfd30709cbe.jpg,640,640,healthy,0,85,583,550
IMG_20180917_105340_jpg.rf.a97654ff24d99427bca4c418ecec129f.jpg,640,640,healthy,26,39,592,605
IMG_20180821_125916_jpg.rf.a96d56492ac7dca855957837223ba8e8.jpg,640,640,bxw,110,5,475,620
IMG_20180821_114158_jpg.rf.a96aa76d83604766adc3be1992888463.jpg,640,640,bxw,129,39,500,621
IMG_20180917_125014_jpg.rf.aac92e0b81454a4de1185bb2435e2b49.jpg,640,640,healthy,106,91,580,597
IMG_20180821_121613_jpg.rf.a9b577d5aa6c3650fca401308f83aca8.jpg,640,640,bxw,111,53,569,614
IMG_20180821_131332_jpg.rf.ab0b445899fad0a0877e0aeba928a16b.jpg,640,640,bxw,153,61,485,637
IMG_20180916_114457_jpg.rf.aae2ff55e5619b8ecaa69f61bdc5a773.jpg,640,640,healthy,11,109,612,463
IMG_20190208_111441_jpg.rf.ab8a014e7569ebc1d20fb21b24d6fe59.jpg,640,640,healthy,139,33,551,621
20190207_180150_jpg.rf.a9996a0908ac01f77fd4c1cbc0d1ed9a.jpg,640,640,healthy,78,43,407,617
IMG_20180821_142650_jpg.rf.a4527ab9858da62630bef609fcf73e6a.jpg,640,640,bxw,121,45,494,640
IMG_20180821_140841_jpg.rf.ab8d965ac915f706ff76832ed817ba7c.jpg,640,640,bxw,45,128,607,467
IMG_20180917_125206_jpg.rf.aa2f1f930d879d0714ffd304f0d572d2.jpg,640,640,healthy,51,19,584,589
IMG_20190208_113554_jpg.rf.ada293f9d9760b7d2586c3036f0f3c3b.jpg,640,640,healthy,51,146,604,582
IMG_20180916_105205_jpg.rf.ac0d1e008f681ca17f5cfc098baa028f.jpg,640,640,healthy,30,113,554,421
IMG_20180916_123831_jpg.rf.ab6c51aff7c6900e539a6ebf82215167.jpg,640,640,healthy,186,10,519,608
IMG_20180917_111051_jpg.rf.a570cf7700f42e9bb627bcc2332b3b5e.jpg,640,640,healthy,36,39,563,568
20190207_173745_jpg.rf.a07992836110f2069224704c8226b31d.jpg,640,640,healthy,124,22,412,592
IMG_20180916_120558_jpg.rf.ae05ed3b378019f63b699128cd4d250c.jpg,640,640,healthy,190,63,520,638
IMG_20180821_123259_jpg.rf.9f099a9073772b02c86d81563d461f4b.jpg,640,640,bxw,98,52,567,610
IMG_20180916_113013_jpg.rf.ae475484d23424db834247b41613265f.jpg,640,640,healthy,29,115,595,473
IMG_20180821_141741_jpg.rf.ae77077b6f2722e9ff0de788ce6388aa.jpg,640,640,bxw,6,78,618,445
IMG_20180821_123846_jpg.rf.aef461e0a2ec53cab36794edd2a026e0.jpg,640,640,bxw,86,17,514,610
IMG_20190208_113824_jpg.rf.9f75381aea055611ec240442947bbe9e.jpg,640,640,healthy,22,79,601,552
IMG_20180916_105144_jpg.rf.9ed9aa97f1ed603ac5cd9ad8d82dc320.jpg,640,640,healthy,73,162,522,432
IMG_20180821_132651_jpg.rf.aed5b8e65e525aafa139296f7dce17cf.jpg,640,640,bxw,139,39,550,584
IMG_20180821_142325_jpg.rf.ae975182f93863be47b40866f46479bd.jpg,640,640,bxw,133,60,462,600
IMG_20180916_123600_jpg.rf.ae9fb5fa9f35c6dd4c9845d45b45b05a.jpg,640,640,healthy,178,38,546,638
IMG_20180821_123652_jpg.rf.ae15501e45a3ee49e7d95be8cb968d9d.jpg,640,640,bxw,141,69,556,615
IMG_20180821_113558_jpg.rf.adf133f075972933c3474cb0bc6c221f.jpg,640,640,bxw,152,34,578,638
IMG_20180916_124635_jpg.rf.b02d1bd5a74fecce2b567be9b21685f3.jpg,640,640,healthy,160,18,502,605
IMG_20180916_121002_jpg.rf.b107f020b91e90f9d91e5517aefcaa86.jpg,640,640,healthy,11,79,614,452
IMG_20180821_133115_jpg.rf.aefcc45d48e25cefae1fb05f800e3376.jpg,640,640,bxw,191,36,492,616
IMG_20180821_120739_jpg.rf.b0a3dd765222eef7b8a5df02afa157fb.jpg,640,640,bxw,24,57,640,594
IMG_20190208_114021_jpg.rf.9fbf9a9a6df71d6d290902371e99dd48.jpg,640,640,healthy,60,26,555,613
IMG_20180917_103800_jpg.rf.b050618ebf2b87421bfc5b1fc3075611.jpg,640,640,healthy,35,26,565,619
IMG_20180916_124840_jpg.rf.a4b2a32e34a2d08ab8f41179d949535d.jpg,640,640,healthy,168,25,519,631
IMG_20180821_123435_jpg.rf.b26a7c345a4c1fb2bd11f2fab84555b2.jpg,640,640,bxw,133,49,502,621
IMG_20180821_121145_jpg.rf.b1004b69b3764a74472200bffb957486.jpg,640,640,bxw,76,34,541,631
IMG_20180916_110926_jpg.rf.b0e7bda54af85489271717fa18802ace.jpg,640,640,healthy,1,102,539,428
IMG_20180917_105130_jpg.rf.af2a061eb88d62e3412cb97a883a47a2.jpg,640,640,healthy,44,51,580,614
IMG_20180916_114753_jpg.rf.b1f9bb358dfa05aa79c54c37b9ab6547.jpg,640,640,healthy,55,113,633,455
IMG_20180821_140247_jpg.rf.b265322a9ffb2fe82ff2c0ed8e1b7328.jpg,640,640,bxw,25,161,602,475
IMG_20180821_140953_jpg.rf.b28573f8c65c6a6bb9ebbbeb4b4bb694.jpg,640,640,bxw,176,41,496,628
IMG_20180917_105507_jpg.rf.b3003f777bf69a97843139f069f01524.jpg,640,640,healthy,77,55,515,611
IMG_20180917_105343_jpg.rf.b365c2592eb04cd191a331831f83aec4.jpg,640,640,healthy,24,35,588,603
IMG_20180817_141749_jpg.rf.b1043940af3a8c1c965749d8e1d9038a.jpg,640,640,bxw,27,90,620,479
IMG_20180916_112238_jpg.rf.b53e7f99964aaa858e871e3b7784fc0f.jpg,640,640,healthy,14,84,592,420
IMG_20190208_112239_jpg.rf.9dcb63da30e80d901786170c34e477ad.jpg,640,640,healthy,84,0,517,614
IMG_20190208_111354_jpg.rf.b424915807e57d74460d814091e26e40.jpg,640,640,healthy,41,76,627,557
IMG_20180821_133305_jpg.rf.a40ae7be083b3f741a719c7fc6972078.jpg,640,640,bxw,174,25,511,623
20190207_180315_jpg.rf.9ee8cf40027adeda9fb6f3a93e1c4102.jpg,640,640,healthy,86,34,480,584
IMG_20180821_114341_jpg.rf.b61b0f788d204952cf27581abf24a547.jpg,640,640,bxw,106,28,579,589
IMG_20180916_130132_jpg.rf.b4f039c313f6ed98753c837395d839f0.jpg,640,640,healthy,20,163,633,513
IMG_20180916_130132_jpg.rf.b4f039c313f6ed98753c837395d839f0.jpg,640,640,healthy,454,548,640,640
IMG_20180821_124155_jpg.rf.b5b8eb9ce847e5324e5e17e6e1202773.jpg,640,640,bxw,112,47,526,581
IMG_20180821_122212_jpg.rf.b299593eea01ff2ae8702e4f9575b7c7.jpg,640,640,bxw,78,31,609,632
IMG_20180916_125702_jpg.rf.b31c939895c5f591be1e1be4a633ae73.jpg,640,640,healthy,185,40,495,611
IMG_20180917_112943_jpg.rf.9de4708a5100f6cb77d3dbd6f3a239ae.jpg,640,640,healthy,104,56,492,484
C360_2018-09-17-10-33-58-046_jpg.rf.b26f10bc124cf38f1f9018f624c0b3c8.jpg,640,640,healthy,4,91,640,471
IMG_20180916_123436_jpg.rf.b66a466fce5f45aca5a2f4c1fc2d9614.jpg,640,640,healthy,199,15,531,637
IMG_20180821_130549_jpg.rf.b3ebe998de2611421e37b517f56f38a0.jpg,640,640,bxw,70,57,523,599
IMG_20180916_112806_jpg.rf.b730a2cac8f1617e4a061442a690ff3b.jpg,640,640,healthy,20,66,604,455
IMG_20180916_130012_jpg.rf.b6b508c7217d8a85bf5c3ade6b079211.jpg,640,640,healthy,2,165,607,519
IMG_20180917_123008_jpg.rf.ba9690996d214a50851f2fa83d6bc106.jpg,640,640,healthy,73,94,545,572
IMG_20180821_122747_jpg.rf.bb06d23705ca167fdd62644aca30343a.jpg,640,640,bxw,76,47,514,576
IMG_20180821_130807_jpg.rf.b677ec4a55c3bdfac402ea231792cb65.jpg,640,640,bxw,73,84,487,615
IMG_20180821_123506_jpg.rf.b797ab3d54d67d633f8f062e9d4af781.jpg,640,640,bxw,108,30,551,585
IMG_20180821_120957_jpg.rf.b90e79b7c25aab943f1a876b96a03285.jpg,640,640,bxw,2,51,624,554
IMG_20180916_105222_jpg.rf.bad04f03854d2c684d0059291308b9b1.jpg,640,640,healthy,40,134,579,451
IMG_20180917_122248_jpg.rf.b7d1a21f64820e7de40adfdd1a8421c7.jpg,640,640,healthy,84,128,506,509
IMG_20180917_121951_jpg.rf.b933f313da17ef2ce424cb12db7b25b8.jpg,640,640,healthy,61,62,616,607
IMG_20180821_123756_jpg.rf.b6891ef52a3cba93f239cbd26bcd4255.jpg,640,640,bxw,19,35,610,524
IMG_20180917_125205_jpg.rf.b5e311f8486b8331110051e662f5d9bd.jpg,640,640,healthy,45,19,577,592
IMG_20180804_155337_jpg.rf.b97a39cded047aa195b2383831d82b6e.jpg,640,640,healthy,93,235,528,565
IMG_20180821_140459_jpg.rf.b9c436d5dcfda31dddd06f743cef3787.jpg,640,640,bxw,88,44,479,640
IMG_20190208_113700_jpg.rf.bad8901eee375fb65b180878706cbf75.jpg,640,640,healthy,129,31,509,610
20190207_172438_jpg.rf.b61f1c9aca38fe49ab4c6fd1ba636392.jpg,640,640,healthy,174,41,519,594
IMG_20180917_105310_jpg.rf.b98324aa0bfd334d8ebe729a06fb1c24.jpg,640,640,healthy,65,41,587,614
IMG_20180821_112342_jpg.rf.bb819befd7e22f322e1d84582947ef11.jpg,640,640,bxw,124,48,550,629
IMG_20180821_122249_jpg.rf.bad63db532d3c05f21b9445889291365.jpg,640,640,bxw,78,5,541,601
IMG_20180916_114948_jpg.rf.b7f8a104e72d0b5e366c9fcf32d50101.jpg,640,640,healthy,31,113,627,434
IMG_20180817_141426_jpg.rf.b767896234bdcd98b0ed92ebc698dbd9.jpg,640,640,bxw,225,9,494,594
IMG_20180821_132828_jpg.rf.bd08ce8f908ef8960b5caadc4d158771.jpg,640,640,bxw,47,121,621,457
IMG_20180821_113807_jpg.rf.b6d03a0dbb5a376a3843c88ece15f500.jpg,640,640,bxw,76,42,590,610
IMG_20180821_123855_jpg.rf.bc149862998d6bd35d547ff864fc83e4.jpg,640,640,bxw,111,80,535,610
IMG_20180821_133015_jpg.rf.be26a901a9ed5eb48ca3d6ca937d800f.jpg,640,640,bxw,4,133,604,492
IMG_20180821_123518_jpg.rf.baf7e2cddde9536688f0132e90986e27.jpg,640,640,bxw,89,31,424,632
IMG_20180817_140601_jpg.rf.be24a5344438663ec68594a94670f10b.jpg,640,640,bxw,233,24,580,622
IMG_20180817_142125_jpg.rf.beb5b4d29e5cf5e72f3e0e801d0b0747.jpg,640,640,bxw,51,173,611,481
IMG_20180821_141452_jpg.rf.bf3a7841f0625f50edeef6c3b87b8016.jpg,640,640,bxw,46,156,628,489
IMG_20180917_124940_jpg.rf.be64b989aab8bd3f5d924a269a09706e.jpg,640,640,healthy,51,40,630,599
IMG_20180821_133917_jpg.rf.be0db4a0fb7fb3c75004357cd31889ae.jpg,640,640,bxw,192,43,513,606
IMG_20180817_135804_jpg.rf.bc32e72ec8549b3cd614c33d7f446b9c.jpg,640,640,bxw,131,98,395,604
IMG_20180817_135804_jpg.rf.bc32e72ec8549b3cd614c33d7f446b9c.jpg,640,640,bxw,131,96,395,637
IMG_20190208_113521_jpg.rf.bd4caae3af7a3a545087cf6c200b5be1.jpg,640,640,healthy,23,90,620,486
20190207_180029_jpg.rf.bfab0713d521b5e23592f66579c5d220.jpg,640,640,healthy,55,264,630,563
IMG_20180821_122151_jpg.rf.c127f83c61e43fdd212c9cefd9bb3960.jpg,640,640,bxw,102,27,512,629
IMG_20190208_111758_jpg.rf.bd8d57d8abe69fa781c0dadede3e3f90.jpg,640,640,healthy,50,97,591,540
IMG_20180917_115554_jpg.rf.c0daa275d1f39f22f2fe499a8253a83b.jpg,640,640,healthy,136,89,590,559
IMG_20190208_114040_jpg.rf.bef8645ad431759318c03724133a9a69.jpg,640,640,healthy,103,24,505,610
IMG_20180821_132934_jpg.rf.bd0c730091b0f80d066b19f510303a2d.jpg,640,640,bxw,17,139,614,478
IMG_20180821_140304_jpg.rf.b86781cbb919ace77c47f6bcc69261a4.jpg,640,640,bxw,204,76,475,621
IMG_20180917_110925_jpg.rf.bd11d4c748d456abd469337a20b44b8f.jpg,640,640,healthy,48,59,526,535
C360_2018-09-17-10-39-09-479_jpg.rf.bef9547f02a05dc60bd452c72c65b16e.jpg,640,640,healthy,12,70,629,418
IMG_20190208_111707_jpg.rf.c08f79cba666959c8409a8e3cc5075ce.jpg,640,640,healthy,29,10,531,618
IMG_20190208_113932_jpg.rf.c188b3f9854b6660d578e4bd4c95d489.jpg,640,640,healthy,46,92,603,552
IMG_20180916_123359_jpg.rf.be3172f5a6f62638db64d9040b305fde.jpg,640,640,healthy,184,0,535,630
IMG_20180821_122845_jpg.rf.c10eb194f08a44a2e48a158a02ca74c7.jpg,640,640,bxw,176,18,505,640
IMG_20180821_140144_jpg.rf.c1764adee90b3e0a48d52a00c5bbad0a.jpg,640,640,bxw,170,22,466,583
IMG_20180817_135811_jpg.rf.c17a85332ad66d0fe7e5d8bf70bc4481.jpg,640,640,bxw,95,24,410,633
IMG_20180916_111156_jpg.rf.c31de06a4d20d99edbe47d7afc238dee.jpg,640,640,healthy,46,117,634,441
IMG_20180821_114238_jpg.rf.c3ee3100adedf828a0621fb7a93e5ce2.jpg,640,640,bxw,78,30,477,587
IMG_20180821_132301_jpg.rf.c2a6cb765ba801064cec818d1f4bf778.jpg,640,640,bxw,17,114,621,475
IMG_20180817_140701_jpg.rf.c2e59d2dc48b98574eb2fe3cda5feeb4.jpg,640,640,bxw,69,26,449,620
IMG_20180821_143109_jpg.rf.c2dd2a2acf4815c58fc9124e79ee1db9.jpg,640,640,bxw,188,19,521,582
20190207_173404_jpg.rf.c25e720636e92c6106d4b12522c08eda.jpg,640,640,healthy,24,106,592,420
IMG_20190208_111547_jpg.rf.c0b89d91eae91b46d89039cd5f98a862.jpg,640,640,healthy,41,68,620,480
IMG_20180917_121029_jpg.rf.c4d2d581f6f3cf58edd30f2508943dda.jpg,640,640,healthy,105,75,513,528
20190207_180013_jpg.rf.c4c260174c772dc44bd258765d6c1b99.jpg,640,640,healthy,132,26,471,604
IMG_20180917_122632_jpg.rf.c57d4b69e0e72556129b77d9cddbcc97.jpg,640,640,healthy,28,41,597,568
IMG_20180821_132916_jpg.rf.c34235ef48e4bf6552dca1e169b4c3e1.jpg,640,640,bxw,6,122,594,466
IMG_20180916_111212_jpg.rf.c356fc7b102fa2f8def4627825829e35.jpg,640,640,healthy,16,87,640,424
IMG_20180916_123859_jpg.rf.c58521a82ed68cdbcfa778fdb4869235.jpg,640,640,healthy,165,44,517,636
IMG_20180821_132947_jpg.rf.c5cc4f76acb51d25678e8788cd8be711.jpg,640,640,bxw,6,94,596,441
IMG_20190208_113828_jpg.rf.c72a000cbe81d6ed45d4fbe6ff455363.jpg,640,640,healthy,134,48,527,625
IMG_20180817_141246_jpg.rf.c5af0d02a05364ef969ce1b60af999cf.jpg,640,640,bxw,175,15,525,611
IMG_20180916_122829_jpg.rf.c27b1817f93a442fe8a2a295f3466435.jpg,640,640,healthy,53,135,616,504
IMG_20190208_111818_jpg.rf.c3fc0b1b16db7994bedb3932764b2c84.jpg,640,640,healthy,30,138,610,609
IMG_20180917_112426_jpg.rf.c340dbe32cdea5982658996b28994235.jpg,640,640,healthy,74,63,599,566
IMG_20180917_111050_jpg.rf.c4f1b44af7259c417c59dba2fec40342.jpg,640,640,healthy,19,39,557,580
IMG_20180821_130131_jpg.rf.c7073c66b5f04d75e34a3ba378df5b57.jpg,640,640,bxw,150,3,446,629
IMG_20180917_122545_jpg.rf.c76e9f83e2a6f0fb24496ad3ed7cf251.jpg,640,640,healthy,101,118,612,601
IMG_20180821_130235_jpg.rf.c66133f574d53e7d5b7fd7da2b86a323.jpg,640,640,bxw,3,109,615,494
IMG_20180917_111335_jpg.rf.c8b8881d7b5abdef53a21e3173dc5c7b.jpg,640,640,healthy,101,68,556,610
IMG_20180917_124031_jpg.rf.c5f259f5b674bc44edbe3022e11b6eb0.jpg,640,640,healthy,26,34,640,640
IMG_20180821_135330_jpg.rf.c638dba5e56b540bd23b124f868c2934.jpg,640,640,bxw,143,1,444,588
IMG_20180821_133259_jpg.rf.c94fa8121c7fa72a00d67a7e57d66b6f.jpg,640,640,bxw,199,23,531,597
20190207_173256_jpg.rf.c73ee9b37168443819817292bde33f97.jpg,640,640,healthy,149,12,483,600
IMG_20180917_105212_jpg.rf.cb36a0c62ad65d801676aa7feb048441.jpg,640,640,healthy,32,18,614,640
IMG_20180821_121457_jpg.rf.c7c9401e0c7874a2de3bdb92b2a0941c.jpg,640,640,bxw,11,112,624,546
IMG_20180821_120735_jpg.rf.c7b719c861c5b381470e1d1887611047.jpg,640,640,bxw,9,140,591,553
IMG_20180916_123746_jpg.rf.cb376759a1d50a9e18ff6beeb6f43b3a.jpg,640,640,healthy,150,9,529,615
IMG_20180916_124454_jpg.rf.cc3206966ec58eae155a2c76416868e0.jpg,640,640,healthy,167,24,514,587
IMG_20180821_130429_jpg.rf.c4d27f5325a1174f1bbb48718531c1d6.jpg,640,640,bxw,20,143,599,458
IMG_20180917_124728_jpg.rf.cb209113e4c5db270066e3cfc7cbfcad.jpg,640,640,healthy,13,68,571,620
IMG_20180821_122911_jpg.rf.c9061923eeb3b22d0f04317e4047e8d9.jpg,640,640,bxw,135,43,470,620
IMG_20180917_121054_jpg.rf.cc6f02410f79f5aeacbb1c1eb584888a.jpg,640,640,healthy,68,119,535,624
IMG_20180821_121025_jpg.rf.cc94be137a039e6daa0e9ab459efee08.jpg,640,640,bxw,92,26,553,614
IMG_20180821_140627_jpg.rf.c48b80bf56cb2d8bf496a7d62f6c7882.jpg,640,640,bxw,144,17,518,622
IMG_20180917_124749_jpg.rf.cbeddbe62298d401490eb0995d067a02.jpg,640,640,healthy,56,31,633,619
IMG_20180821_143156_jpg.rf.cb491433df7444df962386c3f08ca175.jpg,640,640,bxw,146,0,472,548
IMG_20180821_143156_jpg.rf.cb491433df7444df962386c3f08ca175.jpg,640,640,bxw,307,3,310,6
IMG_20180821_140336_jpg.rf.caba8565ef1e01d728b5ef9f461cb484.jpg,640,640,bxw,8,205,579,562
IMG_20180821_132614_jpg.rf.ca88cfaad268eaf4edca6491f672a632.jpg,640,640,bxw,45,77,620,450
IMG_20180916_123810_jpg.rf.cd265fa8f2473231369ab05642cd379c.jpg,640,640,healthy,149,13,486,576
IMG_20180821_121621_jpg.rf.ccb3b3a82c8e55cbd0dc8de5bc6e3d69.jpg,640,640,bxw,115,61,539,610
IMG_20180917_122333_jpg.rf.cd5822068e3a803f4bb503b73565a7d0.jpg,640,640,healthy,21,71,611,633
IMG_20180821_121634_jpg.rf.cd281d6bf2884fa7e7ddbd9eac6beb31.jpg,640,640,bxw,104,31,569,621
IMG_20190208_111731_jpg.rf.cd1847a218df055742fad46d9323bfb3.jpg,640,640,healthy,96,50,578,623
IMG_20180821_142549_jpg.rf.cf76b42ba8734c26e3327af19ee0865f.jpg,640,640,bxw,49,182,596,490
IMG_20180916_124703_jpg.rf.cdf5d6190c03f5799f5da06ce734e2ad.jpg,640,640,healthy,185,19,530,607
IMG_20180821_140349_jpg.rf.d21aa001f2a63d9ed0a06341b990585d.jpg,640,640,bxw,155,61,449,509
IMG_20180817_140138_jpg.rf.cee5c46423705573a4296b0bb1cb79cc.jpg,640,640,bxw,41,130,608,445
IMG_20180917_111313_jpg.rf.cfa74459660a663eee0f0d7194092512.jpg,640,640,healthy,105,96,616,606
IMG_20180821_143115_jpg.rf.cd92938915ba6eea624eb9dacc9b4b4e.jpg,640,640,bxw,181,40,525,632
IMG_20190208_112234_jpg.rf.ce83cabbbf6916564f71c285f790aaa3.jpg,640,640,healthy,106,21,583,610
IMG_20190208_111308_jpg.rf.cd77823e2482739cfd80ee924c9f0274.jpg,640,640,healthy,129,0,499,539
IMG_20180821_124611_jpg.rf.d12115c639702f05d6450ac98bc44679.jpg,640,640,bxw,50,158,603,455
IMG_20190208_111905_jpg.rf.cb3def6c5b7d17b69de82d3ddd48fede.jpg,640,640,healthy,109,24,585,609
IMG_20180821_130733_jpg.rf.ceb74ef0bfb6dea418c54c599e27afc3.jpg,640,640,bxw,43,83,602,533
IMG_20190208_111454_jpg.rf.d052a1b5b39a20eb80dfaaee68674916.jpg,640,640,healthy,30,34,516,625
IMG_20180917_103645_jpg.rf.cf6161246324d65d4a22aec4558cb13b.jpg,640,640,healthy,78,131,517,530
IMG_20180917_113128_jpg.rf.d01914f1c083820f979bb77067adeaf7.jpg,640,640,healthy,107,37,541,524
IMG_20180821_122724_jpg.rf.cf8aa9dade3cbdf8d28969a0cc6d4e6a.jpg,640,640,bxw,56,46,589,504
IMG_20180821_130037_jpg.rf.d32767e955e704f8b807a3c10897470f.jpg,640,640,bxw,18,133,627,511
IMG_20180821_113612_jpg.rf.d251acb71c5e25842997e38a56f9a100.jpg,640,640,bxw,111,0,585,607
IMG_20180821_130743_jpg.rf.d253b35f0a175dfe1c70158b76403623.jpg,640,640,bxw,149,10,501,614
IMG_20190208_111219_jpg.rf.d012be13b77a0dc93cdb3d1fe108686f.jpg,640,640,healthy,24,2,465,606
IMG_20180821_123043_jpg.rf.d48e131ec5931d40ff32f90ae802717f.jpg,640,640,bxw,7,132,612,462
20190207_173317_jpg.rf.d2fc0c9c068db0cbfe50bbd887e7d8d2.jpg,640,640,healthy,160,53,459,637
IMG_20180821_131532_jpg.rf.d1e331defe3a2ef138391ff2c830d294.jpg,640,640,bxw,171,11,498,600
IMG_20180917_105157_jpg.rf.d606ce8ba06c3100abd004923681a35a.jpg,640,640,healthy,14,98,575,613
IMG_20180821_140704_jpg.rf.d4e39d747686580a6e7ab1b5a6913f9d.jpg,640,640,bxw,89,31,429,637
20190207_181827_jpg.rf.d682aa51d70c8f774f7abfb0626e71c9.jpg,640,640,healthy,99,26,439,628
IMG_20180821_134120_jpg.rf.ceeaa9b15880e8529a4c425d63f362cc.jpg,640,640,bxw,153,4,504,606
IMG_20180821_131721_jpg.rf.d400f3130683cb92ed4cd232cb852172.jpg,640,640,bxw,165,21,526,624
IMG_20180821_130918_jpg.rf.d6e78d4609a6e872c20afcdbc63a9003.jpg,640,640,bxw,73,30,435,628
IMG_20180817_140618_jpg.rf.d91c172297c411a034dc5bd324e53c6c.jpg,640,640,bxw,160,34,558,591
IMG_20180916_122239_jpg.rf.d8860790e3e81488dc5213bf34a82f18.jpg,640,640,healthy,103,11,484,619
IMG_20180916_125244_jpg.rf.d89efe77f877ecb9eca620562f137195.jpg,640,640,healthy,15,163,592,527
IMG_20180821_123538_jpg.rf.d0e58a5966ebe84c54bf99597df130e0.jpg,640,640,bxw,12,184,607,532
IMG_20180916_105003_jpg.rf.d7b80ea497ff44ec0ebfc65fcc9c4ddb.jpg,640,640,healthy,109,86,423,603
IMG_20190208_112334_jpg.rf.d1709a6531d0134466b205f0c362eaf3.jpg,640,640,healthy,75,23,498,598
IMG_20180916_110511_jpg.rf.d78407a733c111854f8fdc426679cfcc.jpg,640,640,healthy,31,128,613,488
IMG_20180821_123623_jpg.rf.d940f10e5b432041b20f19fbbfce165c.jpg,640,640,bxw,2,99,615,460
IMG_20180821_123858_jpg.rf.d6489f4eec08dee2361d3dc014dce6e7.jpg,640,640,bxw,5,130,604,454
IMG_20190208_111159_jpg.rf.d866aa9288f63f4723057dd46349423a.jpg,640,640,healthy,87,32,558,630
IMG_20180916_105101_jpg.rf.d1d464d380dc2192b9d6e244366f8a10.jpg,640,640,healthy,99,151,506,398
IMG_20190208_111103_jpg.rf.dadf4d1f4d81232d4d4b31503ae8600b.jpg,640,640,healthy,44,152,582,542
20190207_173124_jpg.rf.db4e5811b7da4d10f3dbd1cd59634b4c.jpg,640,640,healthy,135,28,491,607
IMG_20180821_142545_jpg.rf.d9c84a2ed2ef2fa125939148e7d5f036.jpg,640,640,bxw,146,33,470,573
IMG_20180916_123638_jpg.rf.da19e1a7fa271a2f0b0a1f2518bbdaee.jpg,640,640,healthy,191,87,516,621
IMG_20180817_135908_jpg.rf.d72221be865fffaf231c3b6feda38152.jpg,640,640,bxw,149,0,598,585
IMG_20180821_130428_jpg.rf.d7c99824951e1d9b04e9fc83ece52530.jpg,640,640,bxw,91,79,490,583
IMG_20180917_121937_jpg.rf.da31cbdfc71f8c4eee100f37f4b689eb.jpg,640,640,healthy,0,31,551,581
IMG_20180917_105456_jpg.rf.dac7bcf4702dc5b45a2b8c4ccec8201b.jpg,640,640,healthy,105,76,613,567
IMG_20180821_122551_jpg.rf.dbd4f7cceb39f946927ca3ff2eb450aa.jpg,640,640,bxw,126,11,504,624
IMG_20180821_122643_jpg.rf.d9efe2599f9747d076d9115c5f528f40.jpg,640,640,bxw,108,28,526,600
IMG_20180821_140128_jpg.rf.dc06fcfcb93c4236b76290bd8f6feb33.jpg,640,640,bxw,210,42,507,614
IMG_20180821_130022_jpg.rf.dbc740e470cb247ea65a9e1c6bf4c06a.jpg,640,640,bxw,10,169,616,514
IMG_20180821_130022_jpg.rf.dbc740e470cb247ea65a9e1c6bf4c06a.jpg,640,640,bxw,0,59,385,296
IMG_20180917_103816_jpg.rf.daae8930d10cdfdecda0c692156bf7e5.jpg,640,640,healthy,31,43,600,640
IMG_20180916_123627_jpg.rf.dcc9a4157f64c36234dbb045b686b622.jpg,640,640,healthy,182,35,498,626
IMG_20180917_111002_jpg.rf.dd02d61532cdad097f0280c882f0e26a.jpg,640,640,healthy,58,29,536,546
IMG_20180916_115604_jpg.rf.dcfb2e8e2f05dc3505e790975f0c3059.jpg,640,640,healthy,158,105,500,640
IMG_20180917_103806_jpg.rf.db883518ec3ec7111e40b4864e6ef533.jpg,640,640,healthy,88,127,497,564
20190207_172519_jpg.rf.d6a2154b7ee6e05ccbe62f75ebd7f37c.jpg,640,640,healthy,70,146,612,485
20190207_181635_jpg.rf.dd5b8345391db4fb43bb0c9104a68021.jpg,640,640,healthy,139,38,432,640
IMG_20180821_123239_jpg.rf.dbe8835a90849a23aca0caee99be9808.jpg,640,640,bxw,91,46,530,604
IMG_20180821_141618_jpg.rf.dedd60a058a14da463f04de0fc75200e.jpg,640,640,bxw,140,0,466,590
IMG_20180916_125206_jpg.rf.db3cda589368b97e4d15296b3dddaa02.jpg,640,640,healthy,91,30,442,623
20190207_173659_jpg.rf.df11dcd02f036b26782d53e7d147929d.jpg,640,640,healthy,151,33,467,604
20190207_173438_jpg.rf.dedf7b19144abb6fc09b53d30394093c.jpg,640,640,healthy,125,41,464,637
IMG_20180821_124048_jpg.rf.defa8b11987a0e0746708e68b523e705.jpg,640,640,bxw,25,86,585,524
IMG_20180916_130130_jpg.rf.deea9e96536dd97bf67205aaf5d10d48.jpg,640,640,healthy,0,167,630,541
IMG_20180917_122010_jpg.rf.dc39f7f0a424230b664b2fba040dca93.jpg,640,640,healthy,45,71,579,612
20190207_173720_jpg.rf.e0741320705294ae2e6ec09d5f198841.jpg,640,640,healthy,43,231,600,531
IMG_20180917_122631_jpg.rf.d8b479d97c0d4857841d4a28ba8ff4df.jpg,640,640,healthy,30,36,601,565
IMG_20180821_130417_jpg.rf.df1d13683588206fb3f5649c9b0b0806.jpg,640,640,bxw,35,49,444,579
IMG_20180916_113132_jpg.rf.dd8e81cac4284e871e348088cbb33978.jpg,640,640,healthy,10,113,583,459
IMG_20180821_140923_jpg.rf.dcdbee16caa2f18ccae64cbfc1ec8f00.jpg,640,640,bxw,19,96,622,435
IMG_20180821_133111_jpg.rf.daa0357509a7bcdd1737f1c589df5148.jpg,640,640,bxw,153,50,563,629
20190207_173935_jpg.rf.e26233ce554cae4278a3918d959283ed.jpg,640,640,healthy,102,71,475,629
IMG_20180916_125656_jpg.rf.e15880e74ba6c5548ef5280d4ae44daf.jpg,640,640,healthy,172,62,470,583
IMG_20190211_105102_jpg.rf.e15e2e800bfc986099214af9605a7474.jpg,640,640,healthy,40,3,516,632
IMG_20180821_131555_jpg.rf.e7227fedc7486b22a17e562d8ae56938.jpg,640,640,bxw,176,60,491,608
IMG_20180814_132841_jpg.rf.e1a39ce4b590977561067694fc6f5a82.jpg,640,640,bxw,2,46,640,474
IMG_20180821_140617_jpg.rf.e1b3fcaf813526ea7bf8c0c52a5ba636.jpg,640,640,healthy,3,122,616,437
IMG_20180821_115619_jpg.rf.e33ea01375e25925f5cbccb66ab438f0.jpg,640,640,bxw,170,0,420,629
IMG_20180821_115619_jpg.rf.e33ea01375e25925f5cbccb66ab438f0.jpg,640,640,bxw,396,0,640,509
IMG_20180916_122325_jpg.rf.e289d2b03fee36d657e97cf67a161875.jpg,640,640,healthy,119,0,460,595
IMG_20180821_130353_jpg.rf.e77a0accf4ca75427bbef60039174a04.jpg,640,640,bxw,76,95,445,616
IMG_20180821_135201_jpg.rf.e388a8bd6ed1cabbcd1da466e2d17733.jpg,640,640,bxw,195,7,527,618
IMG_20190208_113807_jpg.rf.e7918b570ed019f138d1d6ec7a22fcf3.jpg,640,640,healthy,133,49,580,610
IMG_20180916_130036_jpg.rf.e2348a473e777a55b654a1d7b6d2ef7e.jpg,640,640,healthy,4,164,625,534
IMG_20180821_140711_jpg.rf.e7a11832ed69f95b04e835c9b078cfdd.jpg,640,640,bxw,113,4,457,607
IMG_20180817_141758_jpg.rf.e7c827819e6f1d9b6c8b31377b9a134b.jpg,640,640,bxw,13,144,619,436
IMG_20180821_140430_jpg.rf.e7e14ffd9defb0329af05b7399eb3e86.jpg,640,640,bxw,1,107,618,439
IMG_20180916_114708_jpg.rf.e871d44c01701b5167a455c7ad40bb92.jpg,640,640,healthy,19,121,623,469
IMG_20180821_130253_jpg.rf.e7c491ee8854d311e5725d04d9ecd69f.jpg,640,640,bxw,2,130,616,482
IMG_20180821_142158_jpg.rf.e828a692c2040d26fc3faef0a5a5ac23.jpg,640,640,bxw,156,51,490,630
IMG_20180821_140224_jpg.rf.e3ed309b6830c453513fcca3570c96db.jpg,640,640,bxw,159,69,460,615
IMG_20190208_113644_jpg.rf.e50543c52c716584c524957c2a51655a.jpg,640,640,healthy,40,93,628,510
IMG_20180821_123744_jpg.rf.e6e9c4f95a9986bf9a2a94e5895ded0a.jpg,640,640,bxw,84,9,504,614
IMG_20180817_140127_jpg.rf.e5efe59fa0cee9bdfadf49afc05df6c4.jpg,640,640,bxw,30,137,630,480
IMG_20180821_142458_jpg.rf.e9326b88a632d1c059f4f536d57343e8.jpg,640,640,bxw,124,33,430,577
IMG_20180917_114757_jpg.rf.e7ac5379a62bbe266c5b1db0004a5a55.jpg,640,640,healthy,81,88,575,627
20190207_181831_jpg.rf.e9009db8bcf20049765749a01e507ee2.jpg,640,640,healthy,182,38,497,601
IMG_20180821_120753_jpg.rf.e9149ec11377328d9e5ccf37d0dc7db2.jpg,640,640,bxw,125,3,565,617
IMG_20190211_105152_jpg.rf.e44cd3f95180e23b1d050e2156be1db3.jpg,640,640,healthy,81,116,605,539
IMG_20180917_115428_jpg.rf.e472e50fcf147afcb6b6cae4aeae6983.jpg,640,640,healthy,28,16,575,542
IMG_20180916_120704_jpg.rf.e9d2b09cc420234e129ed62cdd9d75d6.jpg,640,640,healthy,170,23,523,631
IMG_20180821_133004_jpg.rf.e91df8318f8800910ef0774539571b0d.jpg,640,640,bxw,28,183,586,474
IMG_20180821_130350_jpg.rf.e41c276a2a79d2b43de61afa9b737f6e.jpg,640,640,bxw,129,12,477,611
IMG_20180821_123028_jpg.rf.eb47ef70e550f6d8ee64c4a0719d35af.jpg,640,640,bxw,96,35,464,636
IMG_20180821_135255_jpg.rf.eac56d371ee67aed860be9f439d4c05f.jpg,640,640,bxw,204,33,526,614
IMG_20180916_113117_jpg.rf.eae7112ec3b85f87b4e81429acae7ca8.jpg,640,640,healthy,7,114,600,434
IMG_20180821_124053_jpg.rf.eb4b857028fe8d7e0dd7e3d83157d97c.jpg,640,640,bxw,43,121,579,502
IMG_20180821_141345_jpg.rf.e5336d5f5713fd2d4e861349bd3beef5.jpg,640,640,bxw,191,16,483,570
20190207_180332_jpg.rf.ec2a14f86300b9ac5feda5d89d818be0.jpg,640,640,healthy,31,89,596,473
IMG_20180804_155332_jpg.rf.e6f868d039bb5e17288911487ad4d0d2.jpg,640,640,healthy,77,283,488,593
IMG_20180916_130112_jpg.rf.edf9f199f1702769222696a6b13ca94a.jpg,640,640,healthy,9,176,615,533
IMG_20180916_130112_jpg.rf.edf9f199f1702769222696a6b13ca94a.jpg,640,640,healthy,395,531,640,640
IMG_20180817_140121_jpg.rf.eb5c1f3dfc6a74e8509eb3a129dc98a5.jpg,640,640,bxw,45,171,611,494
IMG_20180917_111108_jpg.rf.ec73d3ac7082054a373098fe813ba50a.jpg,640,640,healthy,23,33,629,601
IMG_20180821_130750_jpg.rf.ec054b7392f9cf50954bc80f5296a5ca.jpg,640,640,bxw,59,33,521,597
C360_2018-09-17-10-50-19-495_jpg.rf.edd46fc0de4bdf653e7613d6bc4f2213.jpg,640,640,healthy,6,89,624,484
IMG_20180821_123450_jpg.rf.ec0d5418c8489388bbb9ccdb1b37cd8a.jpg,640,640,bxw,84,47,554,624
IMG_20180821_130234_jpg.rf.ec47cabf3271d71727fa585800bfe937.jpg,640,640,bxw,36,29,466,606
IMG_20180917_105244_jpg.rf.ebf0f5901c6f8d8225b791af2617cafe.jpg,640,640,healthy,35,59,575,638
IMG_20180917_115427_jpg.rf.e64c9cf0bb6c362a43d0114135906356.jpg,640,640,healthy,30,22,573,545
IMG_20180917_115933_jpg.rf.ebbc91055e5250442e71263f9860bd8f.jpg,640,640,healthy,17,58,541,579
IMG_20180916_123724_jpg.rf.edcc13eba1c9fdf1e1699f2b8d4837a6.jpg,640,640,healthy,156,55,481,587
20190207_181718_jpg.rf.ee71efe8dbec27ec57970b8a5ac82193.jpg,640,640,healthy,74,34,405,594
IMG_20190208_112206_jpg.rf.e436be8dffd8ed30b3c59d5e15acde10.jpg,640,640,healthy,32,70,617,521
IMG_20180821_141127_jpg.rf.ec63d6bd98fc298909b0ea53c3bf625b.jpg,640,640,bxw,156,19,496,624
IMG_20180917_123939_jpg.rf.e418eed37ad9aea2888cb283cc6b3d1f.jpg,640,640,healthy,65,32,590,601
IMG_20180916_115239_jpg.rf.eebcb7b20842b5d53662690d1f2ff27b.jpg,640,640,healthy,115,15,472,630
IMG_20180821_122810_jpg.rf.ee0ce1446401cfacd22b0d88163eaf19.jpg,640,640,bxw,109,85,534,630
IMG_20180821_140825_jpg.rf.eee4de6099f940b4f42b8bf395870ad0.jpg,640,640,bxw,96,25,441,636
IMG_20180917_123538_1_jpg.rf.ee629872d5c8edefbc29cdae798a93ec.jpg,640,640,healthy,106,88,516,511
IMG_20180917_122249_jpg.rf.e4777393026fa7614d32ced1a3f3bd91.jpg,640,640,healthy,83,129,502,508
IMG_20190208_111152_jpg.rf.e68fb11b1068aeefd3b0f09d01ef5451.jpg,640,640,healthy,71,8,515,607
20190207_173610_jpg.rf.f07af1b340b4bfca5ab4180dfdcf3519.jpg,640,640,healthy,0,129,588,503
IMG_20180821_123740_jpg.rf.e69aff067ffeb19a25de23dc53e5fe7d.jpg,640,640,bxw,106,11,543,613
IMG_20190208_113744_jpg.rf.ef143d865cb8683a9b3ca1d3ddec00cf.jpg,640,640,healthy,63,43,523,615
IMG_20180821_130607_jpg.rf.efa123de62fdcb66849ab975822a2139.jpg,640,640,bxw,114,22,570,611
IMG_20180821_130407_jpg.rf.f1c8e13c5897d01dbb4113ba6a9d3ed0.jpg,640,640,bxw,49,97,599,536
IMG_20180817_140610_jpg.rf.f20d9801bfc008bdb106cb68fe8c6358.jpg,640,640,bxw,205,10,450,582
IMG_20180916_110732_jpg.rf.f0dae07098add52b9407927c414d11c2.jpg,640,640,healthy,27,116,595,469
IMG_20180821_122712_jpg.rf.f22d153e6e1677683986a9d99833c25e.jpg,640,640,bxw,11,127,590,525
IMG_20180821_141648_jpg.rf.f121cac4a5f59ee7fa8eb733cfe28c60.jpg,640,640,bxw,200,34,501,585
IMG_20180917_114518_jpg.rf.f0116ef62aa24e9012e8b610b86d2f0d.jpg,640,640,healthy,108,65,631,610
IMG_20180821_122630_jpg.rf.f49e39bd179d4dd3988d0090acf92303.jpg,640,640,bxw,99,24,498,626
IMG_20180917_122350_jpg.rf.f4218980a4dd4c3344912b3d670748a6.jpg,640,640,healthy,121,59,580,585
IMG_20180917_122500_jpg.rf.f1fcccc4ead9c8bda449440baccb1da5.jpg,640,640,healthy,69,69,565,566
IMG_20180917_115454_jpg.rf.f4f77fcfa23e3c04d799f153a48ef8a1.jpg,640,640,healthy,62,46,578,562
IMG_20180916_113043_jpg.rf.f48d6ddcf6d3989e296e442836ddf1ed.jpg,640,640,healthy,11,91,604,471
IMG_20180821_131643_jpg.rf.f0ed62058148bc694964894ff86b5082.jpg,640,640,bxw,110,29,549,601
IMG_20180916_120650_jpg.rf.f1ba172ed77dc570761669f1e21f79ea.jpg,640,640,healthy,199,43,550,628
IMG_20190208_111925_jpg.rf.f3ab5b56afef72fb1521496f41195672.jpg,640,640,healthy,26,22,512,611
20190207_180257_jpg.rf.f37f337a8f4d393494d7dce8cb632ee2.jpg,640,640,healthy,112,30,560,607
20190207_173859_jpg.rf.f3f7c8c74415ac4dba3900a21ecf4464.jpg,640,640,healthy,5,131,614,494
IMG_20180917_122613_jpg.rf.f318ddea7af2b706ae7edb70dc99fe0e.jpg,640,640,healthy,55,29,610,565
20190207_180247_jpg.rf.e10163ff73a7ed0351ed76dab1eda2be.jpg,640,640,healthy,106,10,423,605
IMG_20180916_124348_jpg.rf.f50f7d92cc107a6b893f101ae71dec63.jpg,640,640,healthy,1,92,608,484
IMG_20180821_140939_jpg.rf.f520b743c1abe8c70f786217e602bea6.jpg,640,640,bxw,0,131,606,494
IMG_20180821_123626_jpg.rf.f4776f5f7d7b2700bd367f89084dae25.jpg,640,640,bxw,96,28,506,617
IMG_20180917_111205_1_jpg.rf.f51b15587f989e9882221d5bda7e7f19.jpg,640,640,healthy,75,78,595,640
IMG_20180821_121115_jpg.rf.f15bd26e1b71434882d241de7eb6d78f.jpg,640,640,bxw,139,35,566,640
IMG_20190211_105104_jpg.rf.f73dfe5019e58e7035020a90eadecb5f.jpg,640,640,healthy,56,23,518,638
IMG_20180916_120855_jpg.rf.f533cbb1d3f00f9a34f423f05e9e769e.jpg,640,640,healthy,16,68,622,415
IMG_20180916_123412_jpg.rf.f60a0ad8a7676a8e31ad03627e256270.jpg,640,640,healthy,166,24,518,620
IMG_20180821_130202_jpg.rf.f58cd538b309ffbc2892dab6633c648a.jpg,640,640,bxw,18,85,596,478
IMG_20180916_125914_jpg.rf.f6d06eb727a3924df1866f0a900b73da.jpg,640,640,healthy,27,211,627,535
IMG_20190208_111146_jpg.rf.f9181e81dd9d0031c0f9bde5d054d001.jpg,640,640,healthy,27,70,619,518
IMG_20180917_124828_jpg.rf.f41713a72d390d70213dfadd88b684d0.jpg,640,640,healthy,67,13,631,603
IMG_20180916_103306_jpg.rf.fa3edc2fc317ad88651d89e6088d266e.jpg,640,640,healthy,8,165,638,530
IMG_20180821_123150_jpg.rf.f7c1eb799381a722c44159fe15310848.jpg,640,640,bxw,64,94,605,524
IMG_20180821_113344_jpg.rf.f309abb99ce408cf3e42563c67d1291c.jpg,640,640,bxw,84,28,489,604
IMG_20190208_111827_jpg.rf.fc670a9dfa5130c13985da5e24aadc7b.jpg,640,640,healthy,143,23,585,608
IMG_20180821_135325_jpg.rf.f9b5234cf6ccdcc0febfe7afdfdf849a.jpg,640,640,bxw,147,10,501,635
IMG_20180917_125048_1_jpg.rf.fbe50558c56a130f4fa577cbccf42379.jpg,640,640,healthy,70,75,603,566
IMG_20180821_125810_jpg.rf.fb9181b9d2698ce50f63d1fbffae7f11.jpg,640,640,bxw,158,23,504,605
IMG_20180821_125810_jpg.rf.fb9181b9d2698ce50f63d1fbffae7f11.jpg,640,640,bxw,0,2,173,591
IMG_20180821_141447_jpg.rf.fceff632f9e3b99d7faef3720e254203.jpg,640,640,bxw,59,138,611,439
IMG_20180917_123512_jpg.rf.fd2f2ce7825a6063a8813e20231f9431.jpg,640,640,healthy,155,160,522,521
IMG_20180917_122643_jpg.rf.fe07ce0962cd5af81168745075252c34.jpg,640,640,healthy,57,38,623,570
IMG_20180821_142139_jpg.rf.fa6bb6a62b33e0a7a63b7e7cabc11011.jpg,640,640,bxw,175,19,502,531
IMG_20190208_111530_jpg.rf.f5956baaf802bd4452e33a9520d822a7.jpg,640,640,healthy,75,37,476,621
IMG_20180916_105348_jpg.rf.fdd0de934e51763fdb966efd0e7e8ec6.jpg,640,640,healthy,86,115,609,419
IMG_20180821_130437_jpg.rf.fce7cea8e58c65f5dee62b6533c65b3d.jpg,640,640,bxw,40,70,418,565
IMG_20180916_122255_jpg.rf.fc9c90afb7b28553a21c4c5473bdcdaf.jpg,640,640,healthy,127,17,454,637
20190207_180121_jpg.rf.f9e9d56608f114fcc32db2828b13b1ec.jpg,640,640,healthy,106,70,452,625
IMG_20180821_121541_jpg.rf.fc03cd67e44294c969caf6b1e208a372.jpg,640,640,bxw,86,55,521,591
IMG_20180917_110945_jpg.rf.ffceb0c97444438aa9025b311d77ec4e.jpg,640,640,healthy,2,30,630,616
IMG_20180917_105312_jpg.rf.fef6e8fa357a64a91ce0bdcaabea35a0.jpg,640,640,healthy,67,44,584,614
IMG_20180821_122858_jpg.rf.fd97d4f95dd6d034db4d3ebf41a38fe9.jpg,640,640,bxw,111,76,497,595
IMG_20180821_135615_jpg.rf.fdae8ed4cfeca269c8f77556bc6ae5ed.jpg,640,640,bxw,12,92,631,458
IMG_20180821_124541_jpg.rf.fa3c43b0508963e17d0621bb1eac6bb7.jpg,640,640,bxw,46,189,550,449
IMG_20180916_120812_jpg.rf.ffe24b0d240d7086a4822696e0b8cea0.jpg,640,640,healthy,31,107,617,450
IMG_20180817_141613_jpg.rf.fdecb88020a38ce77d11e725071e3c8b.jpg,640,640,bxw,34,193,609,525
IMG_20180821_141704_jpg.rf.ff5809ce8f889dd9a83ff1a15366b5de.jpg,640,640,bxw,165,12,504,607
IMG_20180821_122657_jpg.rf.fe63a2e0c406b5a887fc5fbcd5848bd4.jpg,640,640,bxw,160,44,525,600
IMG_20180917_124013_jpg.rf.fcee56d0e153ccb0fcaa6963f30c850d.jpg,640,640,healthy,0,17,589,581
IMG_20180821_140156_jpg.rf.6a48aabfaaf2201f12a8e8d97e41175e.jpg,640,640,bxw,177,30,479,601
20190207_173428_jpg.rf.6a0e9cbeccf0b8530729c39db8b96784.jpg,640,640,healthy,143,15,486,640
IMG_20190211_105518_jpg.rf.6a649bee8dce2eebe09140a1bd92711f.jpg,640,640,healthy,147,9,549,638
IMG_20180821_113636_jpg.rf.69222585f7239d476cd18cb8d7215db6.jpg,640,640,bxw,2,65,570,527
IMG_20180916_115523_jpg.rf.69b93e584ed200bf1b515f01e2aea8be.jpg,640,640,healthy,215,29,526,599
IMG_20180821_141003_jpg.rf.690cdaf3eaac4c076a1130179faa67eb.jpg,640,640,bxw,186,35,505,640
IMG_20190208_113237_jpg.rf.6a74800ff0864188b95ee0f01d594b09.jpg,640,640,healthy,91,21,549,621
IMG_20180817_140559_jpg.rf.6838a9e177eabcb8bfd15f0ee69168bc.jpg,640,640,bxw,230,1,584,640
IMG_20180821_114404_jpg.rf.69e8bc134bbb26c5821aef71df8bdfa4.jpg,640,640,bxw,61,42,506,636
IMG_20180917_103732_jpg.rf.68827372dd365d50dfbedb5f12c5222d.jpg,640,640,healthy,100,43,530,552
IMG_20180821_112737_jpg.rf.68168b8e3310fbd74354744bbe6ea673.jpg,640,640,bxw,79,43,541,601
IMG_20180916_124802_jpg.rf.6a8b166e4cb4fe5f27ada510e174cf46.jpg,640,640,healthy,213,14,535,616
IMG_20180821_140406_jpg.rf.67fe48794e1075c8a57cad652fa0979f.jpg,640,640,bxw,126,18,486,633
IMG_20180821_133718_jpg.rf.6aa891f4b9744a99f0099e737d67d341.jpg,640,640,bxw,155,27,509,593
IMG_20180821_130716_jpg.rf.6b00839639f7fa891ac68ed4708327c3.jpg,640,640,bxw,91,193,591,544
IMG_20180916_112418_jpg.rf.67899ca7edef3ace98775236293a4a93.jpg,640,640,healthy,8,101,607,455
IMG_20180917_111334_jpg.rf.6ab5067fa68aaf8913afa6c08f8a112d.jpg,640,640,healthy,89,78,547,624
IMG_20180917_111107_jpg.rf.6c296bfa8dd67af2c864fe579b017706.jpg,640,640,healthy,19,32,628,604
IMG_20190208_113619_jpg.rf.64217aa511623c03193864a1e25e54cb.jpg,640,640,healthy,4,64,599,567
IMG_20180917_121142_jpg.rf.6b4386896f36bd8984d26351b46b0ad1.jpg,640,640,healthy,70,61,587,566
IMG_20180916_125851_jpg.rf.6c8bf58526db28d08afe4517b5b764dc.jpg,640,640,healthy,26,159,640,559
IMG_20180917_112636_jpg.rf.6c75809ef546c08c7269ea9d33a7b8f8.jpg,640,640,healthy,70,72,569,568
IMG_20180821_125620_jpg.rf.64135e754d529622425881407a9f6613.jpg,640,640,bxw,11,103,630,457
IMG_20180917_105210_jpg.rf.6d06523db71784b996b3815ff8aa6ac8.jpg,640,640,healthy,26,21,609,640
IMG_20180916_124711_jpg.rf.6ccadd48754dc990dbc9ef37093ee4c1.jpg,640,640,healthy,162,11,525,610
IMG_20180821_131649_jpg.rf.633b381bfa82e1b7bfc493f7af5d352a.jpg,640,640,bxw,161,26,447,602
IMG_20180821_124020_jpg.rf.6d76aa2e8ecc08ee6f7e33ea6e515aba.jpg,640,640,bxw,100,63,520,604
IMG_20180916_112707_jpg.rf.6d7b6720a4323b4b69771bb1f095b720.jpg,640,640,healthy,179,0,535,636
IMG_20180916_124620_jpg.rf.6ddff22b79b1c4a6b4200fe4d29ce323.jpg,640,640,healthy,164,33,514,622
IMG_20180821_130906_jpg.rf.6f02cf61d51e734e9ea9d06ae9795849.jpg,640,640,bxw,2,76,530,580
IMG_20180821_114250_jpg.rf.6d31d56a9d54b7e41967e665cab588ed.jpg,640,640,bxw,55,101,614,451
IMG_20180916_104858_jpg.rf.6f847be776ed6156b81dc37247d5b6d4.jpg,640,640,healthy,268,71,481,430
IMG_20190208_111215_jpg.rf.6be8c9185be3c79974270933e122b86e.jpg,640,640,healthy,75,26,560,633
IMG_20180821_140950_jpg.rf.6e20ffd5e5aae90481cf6d9d465994bf.jpg,640,640,bxw,173,20,521,604
IMG_20180821_123645_jpg.rf.6e3844c9730677a61ad5aaf462ddbc11.jpg,640,640,bxw,78,51,505,612
IMG_20180916_124501_jpg.rf.67c09467a513417ef694f9d2d61b2e96.jpg,640,640,healthy,193,36,514,589
IMG_20180821_114256_jpg.rf.6d9590698b76fb8a54422e72beaca485.jpg,640,640,bxw,45,40,547,638
IMG_20180917_111252_jpg.rf.631a6040affa9e85fffbbce46cc1702f.jpg,640,640,healthy,52,85,537,593
IMG_20180917_113131_jpg.rf.6e07f95cb51de220db9208d627b3e20c.jpg,640,640,healthy,96,40,517,523
IMG_20180917_103836_jpg.rf.644d8b191410b58836d26d8d3d20fa2f.jpg,640,640,healthy,30,27,634,640
IMG_20180916_113106_jpg.rf.6fe9d4a71f7c813c47b9ef6bb997b3e4.jpg,640,640,healthy,6,106,614,447
IMG_20180821_132148_jpg.rf.703143cab2bb52b31c7dfac868920a11.jpg,640,640,bxw,200,10,547,609
20190207_172422_jpg.rf.6f2aa8854307f8b37a04bbd21324b38b.jpg,640,640,healthy,77,45,441,620
IMG_20180821_120953_jpg.rf.668916a68c46e03b11528b07b90a9e72.jpg,640,640,bxw,20,129,605,543
IMG_20180917_112349_jpg.rf.70bee4acd9a4d5f13f2e4c22b98d5849.jpg,640,640,healthy,31,116,569,614
IMG_20180821_131526_jpg.rf.708de83dad55aab5aa17b4869112d1f5.jpg,640,640,bxw,85,59,494,572
IMG_20180821_141439_jpg.rf.6fa4dfb69037e28957e7e9feead566a0.jpg,640,640,bxw,1,114,615,493
IMG_20180916_111028_jpg.rf.705ede7c4dfb5be9d9e22779ab3aba70.jpg,640,640,healthy,25,88,637,411
IMG_20180821_140600_jpg.rf.67c1b3b668a8b3268e48f9e21741dd78.jpg,640,640,bxw,113,39,499,609
IMG_20180916_123517_jpg.rf.645844cf00d84bf78822b6fee5592a5e.jpg,640,640,healthy,230,71,549,629
IMG_20180821_121559_jpg.rf.70efdc1d154b9136585459bb6c58ed69.jpg,640,640,bxw,95,18,534,608
IMG_20180821_130506_jpg.rf.7141d8d0e0425e961c7dccfd69e25be3.jpg,640,640,bxw,55,130,617,536
IMG_20180821_140105_jpg.rf.6fa536c604c26fb693493f42c873a65f.jpg,640,640,bxw,125,48,509,640
IMG_20190208_111655_jpg.rf.64f7e1e22213cb7fa7509b49c7aa440e.jpg,640,640,healthy,99,48,588,622
IMG_20180821_141400_jpg.rf.7185bf9e843225074abdb709d59a8d69.jpg,640,640,bxw,220,5,540,605
IMG_20180917_111003_jpg.rf.71518ec053f011c7c4fd513dfded24bf.jpg,640,640,healthy,51,30,535,562
IMG_20180821_140610_jpg.rf.712d6edf6d2b815ef9ad2f4df7643d0b.jpg,640,640,bxw,136,27,475,588
IMG_20180821_121450_jpg.rf.719762afe13a7d9a757f14271a4dc234.jpg,640,640,bxw,24,141,626,607
IMG_20180821_132136_jpg.rf.7186f85513dda78c760f9b040901f56a.jpg,640,640,bxw,91,66,564,559
IMG_20180821_122303_jpg.rf.65bd560633651a1a238aedb4ea3fa80f.jpg,640,640,bxw,51,23,509,613
IMG_20180917_125026_jpg.rf.706919fc7b550cb30f04132e8847ab71.jpg,640,640,healthy,15,75,510,608
IMG_20180821_123308_jpg.rf.719921ecea24b03b9702383ad17b3a4e.jpg,640,640,bxw,119,17,518,603
IMG_20180821_123204_jpg.rf.64bddbd573870f2cf0f4049aa03c8265.jpg,640,640,bxw,118,57,494,575
IMG_20180821_130229_jpg.rf.6f374c658838183e0d72cd27a546c33c.jpg,640,640,bxw,92,55,556,630
IMG_20180917_122349_jpg.rf.71a9fb2ad363c323bd0f4aed2cb23b1b.jpg,640,640,healthy,125,61,589,589
IMG_20180821_141744_jpg.rf.7192d0a01ec3650c6ce43ee8994c09ef.jpg,640,640,bxw,21,91,605,436
IMG_20180821_121336_jpg.rf.67fe91eda53cf784d3c8d9e557ea8f76.jpg,640,640,bxw,104,31,544,640
IMG_20180821_142048_jpg.rf.71d32c723ad53bb598b70a10a094f063.jpg,640,640,bxw,181,26,491,609
IMG_20190208_111230_jpg.rf.73d8c8d21558dfa4bf63c5f76525491e.jpg,640,640,healthy,66,16,489,608
IMG_20180917_105458_jpg.rf.769f26c5c9f3fcb834945b7279de0b19.jpg,640,640,healthy,85,64,603,562
20190207_173246_jpg.rf.645696205aef40b04334e1980409f028.jpg,640,640,healthy,113,46,409,589
IMG_20180917_105509_jpg.rf.7384aeb650463c51418cf3dcf7187bc6.jpg,640,640,healthy,70,43,514,610
IMG_20180917_103811_jpg.rf.739ac504b6df65fc03b81e7f0bb8c709.jpg,640,640,healthy,0,12,640,603
IMG_20180916_110948_jpg.rf.747d34182af309ea5cdf437d35c370b0.jpg,640,640,healthy,5,93,629,445
IMG_20180821_141458_jpg.rf.76a6e030c6ead262234e40335e5914b0.jpg,640,640,bxw,200,10,493,604
IMG_20180821_130209_jpg.rf.749c2a008256854256b5d3258ec2daff.jpg,640,640,bxw,22,121,627,451
IMG_20180817_141234_jpg.rf.73ded969598a3bd9b8f0b2a74bfd6ed1.jpg,640,640,bxw,210,0,542,599
IMG_20180821_133052_jpg.rf.75b7496713083416081db68d3b6cb46f.jpg,640,640,bxw,13,133,593,449
IMG_20180821_114120_jpg.rf.72abf084cf4c6336d0fbc18f03556f83.jpg,640,640,bxw,114,15,546,605
IMG_20180821_141132_jpg.rf.75b657a4b81a267cd83d3dbabc9cb55f.jpg,640,640,bxw,146,30,450,623
IMG_20180916_120913_jpg.rf.76cc9e34c7c36fff60e163f0a07322bd.jpg,640,640,healthy,23,94,624,465
IMG_20180821_141719_jpg.rf.73fc01d081407db2e2ab3af444ada2d1.jpg,640,640,bxw,30,168,640,503
IMG_20180814_132831_jpg.rf.745869522b657471baa847aee4d4f00f.jpg,640,640,bxw,5,44,634,481
IMG_20180916_130030_jpg.rf.736e0c449a83aee41886ca607604164f.jpg,640,640,healthy,42,196,635,555
20190207_173823_jpg.rf.771d82f83a198a56007d4ad6961e73d0.jpg,640,640,healthy,26,142,593,439
IMG_20180916_112232_jpg.rf.76cdb0595bd67e7c6a9478b070390061.jpg,640,640,healthy,0,76,610,427
IMG_20180821_131612_jpg.rf.793f01f544410914d59bb160372a3261.jpg,640,640,bxw,175,13,498,634
20190207_180402_jpg.rf.78d3948e5133ad4e2b1505775b003b2f.jpg,640,640,healthy,44,193,634,439
IMG_20180916_124814_jpg.rf.7725ba582c18498a019841d3e92c7789.jpg,640,640,healthy,200,32,525,597
IMG_20180821_121323_jpg.rf.75145a2940a6fff000d6de2a8714a491.jpg,640,640,bxw,47,42,483,584
IMG_20180917_111241_jpg.rf.74ea938b59acccd1003830d6c8562042.jpg,640,640,healthy,101,127,535,582
20190207_173512_jpg.rf.791896c7b140403674fbc63ae386c6a4.jpg,640,640,healthy,61,67,621,438
IMG_20180821_125658_jpg.rf.79049277f98832200038ab57cabba85d.jpg,640,640,bxw,139,10,440,627
IMG_20180821_121605_jpg.rf.78896e79467805137cd6e2ec2cb9b905.jpg,640,640,bxw,201,83,586,601
IMG_20180821_122426_jpg.rf.78c57bbe4705b930ab8581bb724f50ef.jpg,640,640,bxw,70,23,519,592
20190207_172557_jpg.rf.74eace1b5f6a25151bb5c4e55fcf608f.jpg,640,640,healthy,122,60,453,620
IMG_20180821_122913_jpg.rf.777ed9efe05ff887824ebd0e5a585069.jpg,640,640,bxw,174,18,523,601
IMG_20180821_123448_jpg.rf.799f8d55b21a67e34240555f6609e171.jpg,640,640,bxw,184,5,506,595
IMG_20180916_111125_jpg.rf.7a7e73d7399a6e59d2df8d4f2bca3d91.jpg,640,640,healthy,20,71,625,432
IMG_20180917_122203_jpg.rf.7b16d50f992a8a62fa7fdf40412515de.jpg,640,640,healthy,101,69,485,444
IMG_20180916_125833_jpg.rf.7960da94f889bf8e33229e4f3f632d1e.jpg,640,640,healthy,168,60,498,614
IMG_20180821_140830_jpg.rf.794f1542e1175af48f3db2eab750f9a9.jpg,640,640,bxw,30,134,628,466
20190207_173545_jpg.rf.7811ea338d0ff95489ced906780ec2d5.jpg,640,640,healthy,118,43,480,625
IMG_20180821_125625_jpg.rf.799b93da3e1ed3e3fdf5b1532df3ce7f.jpg,640,640,bxw,109,0,546,615
IMG_20180821_112235_jpg.rf.782118ed018b58f7aa74ad1d5b623b06.jpg,640,640,bxw,87,56,479,596
C360_2018-09-17-10-34-22-178_jpg.rf.7957c493b9c0748e5827d65d08a39c20.jpg,640,640,healthy,16,95,636,539
20190207_181618_jpg.rf.7c74b6a52b028e3f2331886cba2031ac.jpg,640,640,healthy,77,233,619,514
IMG_20180916_103049_jpg.rf.7c79cfce3601c3500487c84501e3d866.jpg,640,640,healthy,51,206,599,492
IMG_20180821_132325_jpg.rf.7d114498a084f4f54e00477aae42062a.jpg,640,640,bxw,21,139,597,496
IMG_20180821_141340_jpg.rf.76d28182eeb1da1efa6cd9b5179be2f5.jpg,640,640,bxw,171,44,520,638
IMG_20180821_114315_jpg.rf.797d46bdf6ec514e8121f67a0cd64a6f.jpg,640,640,bxw,18,103,591,554
IMG_20180917_122644_jpg.rf.7a89f4b4ca9bcfa0c8252c928cbcc507.jpg,640,640,healthy,66,37,631,574
IMG_20180821_140817_jpg.rf.81301fb9ae31905ab7da92183776cc1b.jpg,640,640,bxw,95,30,492,615
IMG_20180917_123801_jpg.rf.7d9993c886a873de7485719bbe13a1ab.jpg,640,640,healthy,67,120,526,584
IMG_20180916_125711_jpg.rf.7e1ba052ad792cfa0cc3a2664b00be61.jpg,640,640,healthy,50,216,611,577
IMG_20180917_123953_jpg.rf.8099967d0cbfd2dcbe0b96b30d644e13.jpg,640,640,healthy,65,53,640,599
IMG_20180917_125120_jpg.rf.7bdec1c41e2098bb70b2c6cfe4cd6660.jpg,640,640,healthy,126,84,619,563
IMG_20180917_113257_jpg.rf.7da4d9ac72afcbb85bc5d26d4167a67c.jpg,640,640,healthy,68,74,530,505
IMG_20180916_124943_jpg.rf.7dfd6a51730b95e95ed6f57e7fd95eb8.jpg,640,640,healthy,196,0,528,607
IMG_20180817_140710_jpg.rf.7ff091c3f557550da8a4caaea7fefb9c.jpg,640,640,bxw,114,15,404,606
20190207_173321_jpg.rf.7f7c39f5864982b7b87b1a116b7c2e6a.jpg,640,640,healthy,63,33,395,574
IMG_20180821_123018_jpg.rf.814b80ea5bf5f69193204601d233cb40.jpg,640,640,bxw,57,60,450,490
IMG_20180821_120937_jpg.rf.7ffce9a42fe09b0f47793c1ab3072da5.jpg,640,640,bxw,53,140,618,595
IMG_20180821_123253_jpg.rf.80600cbe7a5ccb7087eb5909091cbb47.jpg,640,640,bxw,153,58,520,601
IMG_20180821_125601_jpg.rf.825cc070f20cbba3bf3aea7af10865b8.jpg,640,640,bxw,142,21,472,621
IMG_20180821_112626_jpg.rf.809d2e01828853eb1f9efbc6f07bb18d.jpg,640,640,bxw,42,159,640,539
IMG_20180821_122516_jpg.rf.7cd76834cb9216f16f7e147d5500b6b1.jpg,640,640,bxw,115,34,580,578
IMG_20180821_124016_jpg.rf.83042cfad0764f2e5142fe514979e962.jpg,640,640,bxw,130,35,537,597
IMG_20180821_121149_jpg.rf.83abbf80e602e7fa7ba55910731196eb.jpg,640,640,bxw,166,6,611,627
IMG_20180821_140133_jpg.rf.81b80d872159aa4910f4d529a4db25b7.jpg,640,640,bxw,166,32,511,611
20190207_180343_jpg.rf.82d0b06795e6d5d75f5e38ed752041c5.jpg,640,640,healthy,170,8,449,600
IMG_20180821_140440_jpg.rf.8165dd7f44144f2105dcf939a2278beb.jpg,640,640,bxw,47,145,606,483
IMG_20180804_155359_jpg.rf.82dc05fb3733a08b5c0f2bd0f794e0e5.jpg,640,640,healthy,31,240,469,555
IMG_20180817_140931_jpg.rf.7ff34f31105df2c8b6ac2a67370e44dc.jpg,640,640,bxw,49,126,609,433
IMG_20180329_073652_jpg.rf.7f196dff67db1da3526f9ad62cf207b1.jpg,640,640,healthy,25,147,443,374
IMG_20180821_142109_jpg.rf.84ab6a41fcadc420adc555a6b0eba31f.jpg,640,640,bxw,179,20,467,591
IMG_20180821_140909_jpg.rf.85cf50ae5d21b291a865f2e196eadd38.jpg,640,640,bxw,0,169,604,489
IMG_20180817_141317_jpg.rf.83fc56051dda2047f90607d228c7ba68.jpg,640,640,bxw,31,150,640,491
IMG_20180917_121011_jpg.rf.7c253f3f0e9931b27d25ad42471a1e5d.jpg,640,640,healthy,76,83,558,561
IMG_20180917_114517_jpg.rf.847e1005a8462dd2fae195908266a6c8.jpg,640,640,healthy,115,52,637,602
IMG_20180821_114432_jpg.rf.86a166da48fc5bd9165f192e37b57c00.jpg,640,640,bxw,94,11,526,611
IMG_20180821_130840_jpg.rf.867f55595bccb3798a11ffb0366e75c8.jpg,640,640,bxw,106,60,584,596
20190207_173551_jpg.rf.86ff62c5329f5d2e81d68bd50fd2cf70.jpg,640,640,healthy,112,10,420,606
IMG_20190208_111957_jpg.rf.82ee947f892230ca6b30cdf12bb21b5b.jpg,640,640,healthy,52,32,498,616
IMG_20180821_141659_jpg.rf.815b959fab38fc58ebd8b64ddd048480.jpg,640,640,bxw,170,33,511,602
IMG_20190208_113232_jpg.rf.87ce20eda9fcee23826488778859127e.jpg,640,640,healthy,49,106,624,520
IMG_20180917_122526_jpg.rf.86f2a3cc15dff7013d5ec57c2a109384.jpg,640,640,healthy,133,105,543,484
IMG_20180916_115053_jpg.rf.856056112ca2b3135a20811c1f9ca704.jpg,640,640,healthy,79,37,437,625
IMG_20180916_114638_jpg.rf.830f59e32eef2aaeca1c71651d2b3ebc.jpg,640,640,healthy,25,130,619,481
IMG_20180821_121222_jpg.rf.85d197729ba39eb7d50f40e7da30fbae.jpg,640,640,bxw,71,16,566,615
IMG_20180916_124743_jpg.rf.85ce03f5a3cdcdb91f9b4feb4dc332b6.jpg,640,640,healthy,175,20,539,640
IMG_20180821_124004_jpg.rf.8607d4d6b3cdb24ae332bd28e8afcb52.jpg,640,640,bxw,152,44,486,633
IMG_20180817_141304_jpg.rf.894158959d3e0b49457c368796663b02.jpg,640,640,bxw,4,61,605,490
IMG_20180821_122804_jpg.rf.883ad2b8ad967fd61cf6a0640fb69246.jpg,640,640,bxw,34,112,578,578
IMG_20180916_125238_jpg.rf.8712e77e092ddb7b23e669888397d308.jpg,640,640,healthy,18,178,591,541
IMG_20180917_122335_jpg.rf.8900b8b737435b1f51ad1f29aa48f2d9.jpg,640,640,healthy,24,65,620,627
IMG_20180821_122412_jpg.rf.874a6a92d35c2f8f81863968ebf22606.jpg,640,640,bxw,63,30,518,617
IMG_20180821_133823_jpg.rf.87db89726351555af4eb27a7d49b3d34.jpg,640,640,bxw,20,93,613,467
IMG_20180916_122235_jpg.rf.883fab0c02f6af15f93997cc0bfebf2c.jpg,640,640,healthy,87,10,470,620
IMG_20180821_132835_jpg.rf.89291d3ab612c466ea8af92598b1070b.jpg,640,640,bxw,6,125,610,440
IMG_20180916_122716_jpg.rf.892ef1f46174b760faab708390bbb86c.jpg,640,640,healthy,15,125,634,459
IMG_20180916_124628_jpg.rf.89af1185f44f9bbf58ecf64e13305146.jpg,640,640,healthy,156,0,522,594
IMG_20180917_115538_jpg.rf.88308f24c26006d10f9f6fb2824eb11f.jpg,640,640,healthy,116,131,530,541
IMG_20180817_140041_jpg.rf.873bc34c9a40f26a28bb2ed5dcf1c2c6.jpg,640,640,bxw,0,99,615,533
IMG_20180821_114111_jpg.rf.88e538473353a0e61d30eb15775828c4.jpg,640,640,bxw,74,41,518,616
IMG_20180917_123121_jpg.rf.84e906467c9cb28fffda3aa999362b49.jpg,640,640,healthy,36,120,477,541
20190207_173146_jpg.rf.89d733c1ab065cfecc62d633815d7bcb.jpg,640,640,healthy,68,103,637,448
IMG_20190208_113434_jpg.rf.89f8730ff1fa26b5e248a8794f1d4086.jpg,640,640,healthy,7,129,590,538
IMG_20180821_135901_jpg.rf.898c7f946bf73d082ae859ba30f34f3f.jpg,640,640,bxw,173,64,502,633
IMG_20180917_112204_jpg.rf.8a8135c2c1cf9d2ba9d79e59d5f4c3e1.jpg,640,640,healthy,60,56,578,567
IMG_20180821_122652_jpg.rf.8ae815f3383d2bbbda21abaa22d5ab83.jpg,640,640,bxw,81,65,566,640
IMG_20180821_123156_jpg.rf.89c97c49ad67688c263591690f4d03c4.jpg,640,640,bxw,19,100,602,513
IMG_20180916_105053_jpg.rf.8e7010ff98b491ee037ef46deb5896d9.jpg,640,640,healthy,88,152,502,401
IMG_20180916_103423_jpg.rf.8b6faf6d888f38f37ff157d58d6de0a7.jpg,640,640,healthy,51,217,576,533
IMG_20180917_120559_jpg.rf.8b8d0de134747486d4eae0ff758b0808.jpg,640,640,healthy,45,76,465,520
IMG_20180917_113039_jpg.rf.8a88a324913b5dd42cdb9f035db514a6.jpg,640,640,healthy,95,32,609,545
IMG_20180821_142503_jpg.rf.8b41c94fad7724783ac101736bbf08dc.jpg,640,640,bxw,190,33,501,572
IMG_20180821_140717_jpg.rf.8e0e31708fa465221024bd03d1c5df28.jpg,640,640,bxw,45,152,617,476
IMG_20180916_125218_jpg.rf.8c0b84b1a4e27fe2f1cff91b42ba697f.jpg,640,640,healthy,169,33,495,607
20190207_173751_jpg.rf.8c3ac11a4541ff7e7a9525fcf098723b.jpg,640,640,healthy,159,58,490,633
IMG_20180821_122934_jpg.rf.8d0e8eae7dc9f9d88fc94bce42c24550.jpg,640,640,bxw,137,25,565,582
20190207_180442_jpg.rf.8ebc547f02a952099797ac6e0a33f24f.jpg,640,640,healthy,16,218,591,482
IMG_20180917_123750_jpg.rf.8ed987f80e7ec2e8dd6202b2a325905c.jpg,640,640,healthy,84,136,525,566
IMG_20180821_132606_jpg.rf.8f2c7039b23dc6cc6c8b7490b4df07fb.jpg,640,640,bxw,18,92,623,465
IMG_20180917_125157_jpg.rf.8d85c2360e96b2e607eca6913d5dc161.jpg,640,640,healthy,197,71,606,519
IMG_20180916_123526_jpg.rf.8f3269860a6b1db9abf24d6a22ea26d7.jpg,640,640,healthy,205,23,545,609
IMG_20180821_140824_jpg.rf.8ebd3de741fdc7bc65e9bd575b05759f.jpg,640,640,bxw,174,26,464,628
IMG_20180917_122011_jpg.rf.8e88506c005bfc25faeb3fceb54611d0.jpg,640,640,healthy,67,69,594,607
IMG_20180916_123844_jpg.rf.8fbef6be6df89e0b92aa85a3e37f8bf8.jpg,640,640,healthy,191,23,516,638
20190207_172601_jpg.rf.8ebc1aa848a5517fd4c60ac314dd48ad.jpg,640,640,healthy,107,50,400,609
IMG_20180916_130005_jpg.rf.8c79bf60280b64f35abcddb9fb528bd1.jpg,640,640,healthy,23,190,605,502
IMG_20180821_130323_jpg.rf.8fdbc6d09119408c290d5c83762d81ca.jpg,640,640,bxw,48,132,609,473
20190207_172411_jpg.rf.8f57470a8d093cc1a1791fa67fd7b02d.jpg,640,640,healthy,108,41,486,621
IMG_20180916_122946_jpg.rf.8da412486d81726801068767ce62ec94.jpg,640,640,healthy,136,0,401,568
IMG_20180821_122323_jpg.rf.90ba68af6f019bd4670d9b43a8fe8602.jpg,640,640,bxw,140,31,609,613
IMG_20180817_140720_jpg.rf.901719e0a52f899e5038221627fe8a43.jpg,640,640,bxw,70,27,371,640
IMG_20180821_135347_jpg.rf.90112b5849f6ba6c2542d546b52e38ae.jpg,640,640,bxw,167,3,500,616
IMG_20180917_110940_jpg.rf.912c20155287f6eed41c263970c2824b.jpg,640,640,healthy,4,14,640,612
IMG_20180917_122659_jpg.rf.92a0b6e1f16b66669ab4cd48230c1cf1.jpg,640,640,healthy,33,17,589,566
IMG_20180917_113225_1_jpg.rf.8fd2b911e643528c4203720014e85084.jpg,640,640,healthy,60,95,472,532
IMG_20180821_140936_jpg.rf.92ef655a867c293ff50d44a1f7dd4b90.jpg,640,640,bxw,35,114,622,438
IMG_20180916_112314_jpg.rf.9561a272209fd60886e8e2f6ed143435.jpg,640,640,healthy,0,100,624,435
IMG_20180817_140655_jpg.rf.90c318937a3263f435982a6c944ca966.jpg,640,640,bxw,84,30,440,600
IMG_20180917_122000_jpg.rf.940e3b9a4ec62dfb43fe3cd52a6af4b5.jpg,640,640,healthy,36,57,599,578
IMG_20180821_120144_jpg.rf.92fab4425202d9f71056616a9be9f3bf.jpg,640,640,bxw,4,59,640,512
IMG_20180916_115445_jpg.rf.8bab65646dfdb1fa4cbba9d2ecd8a139.jpg,640,640,healthy,63,0,436,615
IMG_20190208_112438_jpg.rf.9572409c02031b180e5f92e85454c462.jpg,640,640,healthy,29,129,570,529
IMG_20180817_140247_jpg.rf.95547aea8699232d3323d4b59b9fd18a.jpg,640,640,bxw,127,22,472,501
IMG_20180916_124730_jpg.rf.9101fde6327babf5b9a3eb7c9cef3b97.jpg,640,640,healthy,185,4,521,610
IMG_20180821_140726_jpg.rf.93c6182da8e0292167532cca64745e74.jpg,640,640,bxw,41,157,596,479
IMG_20180817_135922_jpg.rf.91397f0c7377a89f17ebcdbb9e224f7d.jpg,640,640,bxw,218,17,477,630
IMG_20180821_141027_jpg.rf.90e0e61d3f9149bbc5bd76bed033af3b.jpg,640,640,bxw,44,81,625,455
IMG_20180916_130042_jpg.rf.9583b98db5fa0ed673f119d44264add9.jpg,640,640,healthy,55,155,640,520
IMG_20180821_123330_jpg.rf.92385caf2a191e40d423cfcb6ef0383a.jpg,640,640,bxw,123,45,550,640
IMG_20180821_113549_jpg.rf.91306ebad0a10249527a426c4a0d92bd.jpg,640,640,bxw,71,2,593,609
IMG_20190208_113606_jpg.rf.95a3decde58bd7e418b4555a42363b64.jpg,640,640,healthy,33,96,615,489
IMG_20180821_121037_jpg.rf.938db51f44e35d8fd15e2a2fb47e44c0.jpg,640,640,bxw,131,45,548,593
IMG_20180916_110846_jpg.rf.97798ad174939ee092468dd56f4fa517.jpg,640,640,healthy,25,100,625,485
IMG_20180821_130342_jpg.rf.98ca187423fc9518d74359af801abf8c.jpg,640,640,bxw,23,124,614,438
IMG_20180821_114101_jpg.rf.96fb51bbaa4e505995a1ed77dd5c894d.jpg,640,640,bxw,35,0,549,636
IMG_20180821_130122_jpg.rf.95bdcd3015d5c28823dd489cf1349a60.jpg,640,640,bxw,36,198,619,572
IMG_20180917_115409_jpg.rf.9855807f95d1e9153888fb4c4a5cbac1.jpg,640,640,healthy,91,59,570,584
IMG_20180821_130723_jpg.rf.90d40d5e754405101ee915f429602e92.jpg,640,640,bxw,150,28,520,631
IMG_20180916_120626_jpg.rf.98c91cda1ba504cc34dd565e66125862.jpg,640,640,healthy,208,19,551,618
IMG_20180821_125909_jpg.rf.9a7630f9400c33c9bda5a91f4e042a09.jpg,640,640,bxw,156,31,487,635
IMG_20180916_104851_jpg.rf.9a5efcd3a81db82909fd0371524e25ad.jpg,640,640,healthy,236,67,468,455
IMG_20180916_120923_jpg.rf.941cce1747f037044ac5df03d697fad5.jpg,640,640,healthy,18,83,615,450
20190207_180419_jpg.rf.9a37c6cce9702182ec0292b25710bcfd.jpg,640,640,healthy,41,152,620,408
IMG_20180821_113916_jpg.rf.99b92c3fa716be6fce43a330f93c854e.jpg,640,640,bxw,80,30,619,640
20190207_181643_jpg.rf.9a817b36b18c35d78506bfb91c702d02.jpg,640,640,healthy,140,12,521,587
IMG_20180821_134038_jpg.rf.96dc5fd0a1fd4ad315f50b2ffefa10ce.jpg,640,640,bxw,22,172,582,457
IMG_20180821_135236_jpg.rf.982c46812645cc2bc9d723fd0e6322b6.jpg,640,640,bxw,182,35,503,625
IMG_20180821_123521_jpg.rf.9b5778db0e5d13f2d68cd7da31ccbe5a.jpg,640,640,bxw,138,25,544,626
IMG_20180917_123719_1_jpg.rf.9841d5ab4cd35f2521bfca24a522a0b7.jpg,640,640,healthy,93,104,540,540
IMG_20180916_130105_jpg.rf.98f797a2dfbcde8fe7b80456811f524f.jpg,640,640,healthy,21,160,589,515
IMG_20180821_122827_jpg.rf.9b43723b6f41b0d138a04fb53d2dfebf.jpg,640,640,bxw,0,92,593,476
IMG_20180821_143106_jpg.rf.966ce4d57a16c39766169d7e8a85159f.jpg,640,640,bxw,25,126,615,436
IMG_20180821_142259_jpg.rf.9bb84c1fb6065cdcee0834acd66df6a4.jpg,640,640,bxw,184,67,514,570
IMG_20180917_111148_jpg.rf.9c0e83846171fa9b72ae8621ffa0e24b.jpg,640,640,healthy,105,156,556,565
IMG_20180821_140813_jpg.rf.9b869a211d2f78ba95c25b1599a133d9.jpg,640,640,bxw,63,32,561,637
IMG_20180917_124920_jpg.rf.96dba55e6982168d365d0ccacd178495.jpg,640,640,healthy,49,20,616,621
IMG_20180917_124730_jpg.rf.9cebf802ab4b5c64fc625e014b8abae2.jpg,640,640,healthy,15,63,577,624
IMG_20180821_123514_jpg.rf.92511f7f45b6ba4c1e1917d3840ab877.jpg,640,640,bxw,79,22,562,605
IMG_20180821_142446_jpg.rf.9d72f5fb35f652375d0f04f5e26d7987.jpg,640,640,bxw,123,41,437,610
IMG_20180821_130726_jpg.rf.9d64c872c263187ef7669c6822e8c750.jpg,640,640,bxw,146,14,520,621
IMG_20180916_115116_jpg.rf.9c6ca4a89ba5c72defbf4d93bf5785a4.jpg,640,640,healthy,73,32,479,632
IMG_20180817_141140_jpg.rf.9cbc133c014d364d333ebde41b014cc6.jpg,640,640,bxw,20,114,604,395
IMG_20180916_125212_jpg.rf.9d0350e33bfef1d52300e583606a4ef6.jpg,640,640,healthy,97,15,434,613
IMG_20180821_132856_jpg.rf.9d8bffea75fdaa2163cb9da40c92d3ea.jpg,640,640,bxw,9,120,611,449
IMG_20180821_140315_jpg.rf.9c78e6d37293b20acc47456df4016c9a.jpg,640,640,bxw,192,0,464,584
IMG_20180916_123715_jpg.rf.24c55f6abb9510344eba024db5e81a34.jpg,640,640,healthy,179,16,519,592
IMG_20180821_135533_jpg.rf.1f999d92e821348ae675c848c699b65a.jpg,640,640,bxw,125,21,440,632
IMG_20180817_141433_jpg.rf.1f7d17db633fe35d38ec38b453868163.jpg,640,640,bxw,231,14,505,610
IMG_20180821_121021_jpg.rf.22511cc5fc5798c1ff6886f7afbb1b19.jpg,640,640,bxw,119,20,537,589
20190207_173518_jpg.rf.253de8455b578f9d9245f0f3423ef966.jpg,640,640,healthy,57,163,618,433
IMG_20180916_113032_jpg.rf.1ef4ea6103f40e9a3f63dff9ac54f581.jpg,640,640,healthy,9,100,607,490
IMG_20180817_142237_jpg.rf.1eaa3415e2b011a5be722e2cd4aaf81f.jpg,640,640,bxw,2,114,599,499
IMG_20180821_130004_jpg.rf.2564a47e97e899f1d62ef194b344fa61.jpg,640,640,bxw,36,179,614,460
IMG_20180821_130004_jpg.rf.2564a47e97e899f1d62ef194b344fa61.jpg,640,640,bxw,0,0,297,268
IMG_20180821_122706_jpg.rf.2596b1a7af0cd0b805b9606b289102af.jpg,640,640,bxw,47,140,640,594
IMG_20180817_140252_jpg.rf.1f263a214431924232ba7813b61425cb.jpg,640,640,bxw,130,9,540,582
IMG_20180821_133840_jpg.rf.211238c7dbb8558eb2b5e94322ddf9cd.jpg,640,640,bxw,0,148,569,459
IMG_20180917_105129_jpg.rf.21ad099d8c8a771320f0e0e4af4b9d5a.jpg,640,640,healthy,42,49,580,615
IMG_20180821_135628_jpg.rf.262150cf564aaf0eaf433307c9245bf5.jpg,640,640,bxw,18,152,632,486
IMG_20180821_123228_jpg.rf.1f4a5d7ab9e0abf83c30dc95afd89725.jpg,640,640,bxw,163,22,498,610
IMG_20180916_125114_jpg.rf.26764b6961ee72c50d569eea4f69d109.jpg,640,640,healthy,191,4,550,593
IMG_20180821_123631_jpg.rf.211be9b078922fb46af86fc829787d28.jpg,640,640,bxw,80,15,552,585
IMG_20180917_121106_jpg.rf.20ad51bc250444022183f9cb5fcf1f5d.jpg,640,640,healthy,34,49,546,537
IMG_20180821_130602_jpg.rf.26a29045290ebe0b4cfd2f92d422b703.jpg,640,640,bxw,33,148,635,597
IMG_20180821_140210_jpg.rf.27431662038b6a35dd5f518cc30a9bff.jpg,640,640,bxw,165,35,469,601
IMG_20190208_111640_jpg.rf.26c7a528c3f30f363f671bf1f1bed2f0.jpg,640,640,healthy,88,15,494,579
IMG_20180814_132826_jpg.rf.25cbb0ed2041d47e6eb1e88318dda750.jpg,640,640,bxw,9,71,608,473
IMG_20180821_122820_jpg.rf.2626d2f7cde3c50411ee61f1fa755edd.jpg,640,640,bxw,6,60,583,555
IMG_20180817_141109_jpg.rf.27628704b9db1f6a07ad40ed3e1a9a66.jpg,640,640,bxw,133,67,454,640
IMG_20180821_132419_jpg.rf.26260a5e7d40c52f72f115bd13a69c54.jpg,640,640,bxw,116,65,442,567
20190207_173120_jpg.rf.207b0524c48ca173d9ce07031d79edb1.jpg,640,640,healthy,166,48,460,604
IMG_20180821_123615_jpg.rf.26df9f4567aeeb973900a90347ada1f8.jpg,640,640,bxw,102,19,447,614
IMG_20180916_114844_jpg.rf.27043b336f68dec3518a0d1dddd9d642.jpg,640,640,healthy,33,126,625,480
IMG_20180917_111311_jpg.rf.1ff7d2fb1650299024923a34a6feb3df.jpg,640,640,healthy,91,90,599,600
IMG_20180821_121239_jpg.rf.2520d6108a819ce5ad0eec8cc2b289d1.jpg,640,640,bxw,118,32,570,614
IMG_20190208_111831_jpg.rf.27e347b99ac2bff684f925c865d51012.jpg,640,640,healthy,155,27,575,600
IMG_20180821_130320_jpg.rf.2526065b682447bb46e586b6020c6bd1.jpg,640,640,bxw,40,138,573,541
IMG_20180916_105356_jpg.rf.27fbd5b8cf605c4de663a7b40144ea69.jpg,640,640,healthy,61,129,557,460
IMG_20180817_140515_jpg.rf.2449f489351c1095e090c745fe4413cc.jpg,640,640,bxw,23,132,579,454
IMG_20180821_130619_jpg.rf.276777ec522fabb8dd39d9b6771460ef.jpg,640,640,bxw,10,26,478,559
IMG_20180821_133435_jpg.rf.29cf52cf513d7c730cc742cd9b5d7227.jpg,640,640,bxw,160,82,483,640
IMG_20180817_140509_jpg.rf.29d09c01e3ea0296d065b72412c62056.jpg,640,640,bxw,30,121,570,440
IMG_20180821_132118_jpg.rf.2c4c483d42cd21d8a881711f50e629ff.jpg,640,640,bxw,188,51,539,562
IMG_20180917_123702_jpg.rf.2451803e0cfd94ed4a3835b4eedc4680.jpg,640,640,healthy,44,150,506,589
IMG_20180917_124847_jpg.rf.240260d320fc9df5b4a6ee715d5b85a5.jpg,640,640,healthy,96,84,634,608
IMG_20180917_113026_jpg.rf.28947fff9d6f58f5d1c2481d5f26d41d.jpg,640,640,healthy,100,115,480,553
IMG_20180916_103234_jpg.rf.1e434c05be1664f6892631760b090f1d.jpg,640,640,healthy,69,191,565,515
IMG_20180821_142212_jpg.rf.2d9f013b8d49adcab739f55f18418b25.jpg,640,640,bxw,156,41,500,637
IMG_20180917_105243_jpg.rf.2a9a5531c7311bf35eae2a55bda31089.jpg,640,640,healthy,23,66,564,634
IMG_20180821_125713_jpg.rf.2cb504a307ebe3efa27cf4564c54e9a2.jpg,640,640,bxw,94,2,434,640
C360_2018-09-17-10-39-06-940_jpg.rf.2a8938ec70b4d408365b24ff62fd8231.jpg,640,640,healthy,0,64,626,424
IMG_20180917_124818_jpg.rf.2ac487b79f80f1fc95baefc29ac6bb99.jpg,640,640,healthy,16,48,605,597
IMG_20180821_132113_jpg.rf.2d6060d62eb93c204a8d5a7a0daa5db1.jpg,640,640,bxw,151,26,561,575
IMG_20180821_140037_jpg.rf.2c6313c51db347969580d59e391b9a19.jpg,640,640,bxw,209,128,462,606
IMG_20180821_134202_jpg.rf.2a1080bcc5a44e785828a3c68b1ce394.jpg,640,640,bxw,100,30,432,624
IMG_20180814_132824_jpg.rf.2d61bd6b94620c0a38678da333a9ae83.jpg,640,640,bxw,0,43,632,475
IMG_20180916_125800_jpg.rf.27865d038b97516591ae1f8bbb9f7588.jpg,640,640,healthy,155,0,478,601
IMG_20180821_130510_jpg.rf.2a28fccca2835a200f28a3ced0189a00.jpg,640,640,bxw,92,37,544,593
IMG_20180821_113643_jpg.rf.2df32c3163d6886c22d5c1ff0634fa7e.jpg,640,640,bxw,24,181,575,564
IMG_20180916_112917_jpg.rf.284abeed81a78c55d0733ee87a5d427a.jpg,640,640,healthy,3,78,622,445
IMG_20180821_134052_jpg.rf.2e7821a6596b15b23cf66e0b99fcfb6f.jpg,640,640,bxw,24,149,600,520
IMG_20180821_122812_jpg.rf.2230b56f078207d29a134e381062ee6b.jpg,640,640,bxw,118,22,529,637
IMG_20180821_122812_jpg.rf.2230b56f078207d29a134e381062ee6b.jpg,640,640,bxw,399,496,640,640
IMG_20180821_122812_jpg.rf.2230b56f078207d29a134e381062ee6b.jpg,640,640,bxw,404,0,640,223
IMG_20180916_125122_jpg.rf.2e22d2871ae84a9d988523817998de11.jpg,640,640,healthy,169,56,507,591
20190207_172616_jpg.rf.225e5ef37dace1a26ad134b735a467ad.jpg,640,640,healthy,33,104,613,481
IMG_20180917_122531_1_jpg.rf.2e0b9c93a774f10cfd261011c9b42d4b.jpg,640,640,healthy,41,18,552,544
IMG_20180917_125123_jpg.rf.23085524be5a3ffacb280400592a09ff.jpg,640,640,healthy,149,95,633,573
IMG_20180821_130422_jpg.rf.2df547797294e3c963cf9d41e7d1b5b9.jpg,640,640,bxw,79,44,521,579
IMG_20180821_112900_jpg.rf.226b5d5ee519a5310302048e525102b5.jpg,640,640,bxw,50,79,493,640
IMG_20190208_112209_jpg.rf.2e9024ee4b3221d1cdf0757715d27405.jpg,640,640,healthy,50,88,627,514
IMG_20180821_122635_jpg.rf.2e9e1e21c4ad9b4d8153dad237a932f9.jpg,640,640,bxw,15,184,631,549
IMG_20180821_121136_jpg.rf.2e4a4146d162b0b1e02bcda395130f74.jpg,640,640,bxw,64,31,574,640
IMG_20180917_115455_jpg.rf.3233215748af415d53d78df35c349d2c.jpg,640,640,healthy,63,34,581,559
IMG_20180821_123337_jpg.rf.30cf1c54e075eaf75b66040ead84a29c.jpg,640,640,bxw,63,50,495,616
IMG_20180917_123858_jpg.rf.2f56105165b9dc2e51c2488a4c4b7263.jpg,640,640,healthy,56,92,510,553
IMG_20180821_122337_jpg.rf.2fbff3c1ceab279ed30709dcfffe89f6.jpg,640,640,bxw,160,34,569,590
IMG_20180821_122717_jpg.rf.31af1556d4bebdc77757c3e19bf0f87f.jpg,640,640,bxw,35,61,598,447
IMG_20180916_112523_jpg.rf.2f78f9cc862c7d6503a7853aaf1ba75d.jpg,640,640,healthy,194,27,524,599
IMG_20180916_112640_jpg.rf.2f315810ce2e0388fede1655ed30b8cd.jpg,640,640,healthy,185,8,526,585
IMG_20190208_111921_jpg.rf.236a09f50802b4c610db2a2fc7bc34cf.jpg,640,640,healthy,31,144,628,563
IMG_20180821_132636_jpg.rf.2f6a847a9d8c57e6a124ee6db52334db.jpg,640,640,bxw,37,103,636,412
IMG_20180821_112423_jpg.rf.3328ca70a73fdaad87fc6cd824d8b8e4.jpg,640,640,bxw,115,42,534,610
IMG_20180821_130427_jpg.rf.2ec1d464b2fe878541b9eeb9240a3384.jpg,640,640,bxw,2,127,607,462
IMG_20180821_130738_jpg.rf.323c55c53806686d53a571893085d66d.jpg,640,640,bxw,141,21,541,594
IMG_20180917_123123_jpg.rf.342fa486fb01d8fc2ec79917bfcf2e9d.jpg,640,640,healthy,26,124,467,544
IMG_20180917_123954_jpg.rf.33b687c967fd2e387cddf50cd7943d3b.jpg,640,640,healthy,64,59,640,600
IMG_20180821_130219_jpg.rf.31a9d9b6068102cb75da32d881538d19.jpg,640,640,bxw,23,77,593,446
IMG_20180821_132722_jpg.rf.32b41bea94602dcf885f98b85145c2a7.jpg,640,640,bxw,99,20,436,612
IMG_20180821_132707_jpg.rf.324a48331badcf839b6faf9ae9c73815.jpg,640,640,bxw,156,37,491,592
IMG_20180821_124103_jpg.rf.2f85e272c36d8a2d4ed204de0c1997cb.jpg,640,640,bxw,110,47,571,619
IMG_20180916_124351_jpg.rf.31cc21b83f22c955d077121853d20702.jpg,640,640,healthy,44,107,633,483
IMG_20180916_125107_jpg.rf.34c4876d0a1b48af4def61326f65635c.jpg,640,640,healthy,180,32,528,587
IMG_20180821_125600_jpg.rf.311984f87c0dbf913954488284c06558.jpg,640,640,bxw,75,45,540,613
IMG_20180821_125619_jpg.rf.348cb3612fed65572f73d5353b734967.jpg,640,640,bxw,76,57,524,594
IMG_20180916_130018_jpg.rf.31a4f93be9fe3cde4117b8798320167e.jpg,640,640,healthy,20,206,637,541
IMG_20190208_113655_jpg.rf.34919f344b270fb4327dc59584cecc18.jpg,640,640,healthy,81,36,535,580
IMG_20180917_112406_jpg.rf.3560848c5c33ad97383450c9236303eb.jpg,640,640,healthy,94,59,589,542
IMG_20180917_112320_jpg.rf.32e315f764675cc649269e706dee53d7.jpg,640,640,healthy,176,76,586,528
IMG_20180917_113040_jpg.rf.35ae43c2b7dedf59a90950258f935b73.jpg,640,640,healthy,94,37,602,549
IMG_20180917_112202_jpg.rf.35810fcb8ae1d8dd130c2e7b8f3b14b1.jpg,640,640,healthy,48,51,569,565
IMG_20180917_112332_jpg.rf.364de18ac9031d29c8b40faabc669a55.jpg,640,640,healthy,132,95,570,536
IMG_20180821_122157_jpg.rf.35d2d67efa12278051ffe4846ba7fcce.jpg,640,640,bxw,105,62,566,603
IMG_20180917_103834_jpg.rf.35a586a8ad77a10c82b92d882999572e.jpg,640,640,healthy,21,0,635,640
IMG_20180821_121350_jpg.rf.36b15bc1e68bdab6a91be59f30b4f940.jpg,640,640,bxw,50,126,603,551
IMG_20180917_110904_jpg.rf.379f039261b233afa1f17bca5835f919.jpg,640,640,healthy,0,54,627,604
IMG_20180917_124818_1_jpg.rf.37ca69556faddacd50dd35b1f68ddcdf.jpg,640,640,healthy,25,40,608,589
IMG_20180917_112656_jpg.rf.3416ff96ad7b7b9e6b195dcd62b5b3d2.jpg,640,640,healthy,84,60,601,585
IMG_20180821_123531_jpg.rf.37816dfff4e42b5f4b2993724d51dae0.jpg,640,640,bxw,6,55,602,527
IMG_20180917_123533_jpg.rf.373fd710e86c01085acb2801eb0bee68.jpg,640,640,healthy,86,103,517,516
IMG_20180814_132613_jpg.rf.3510b81cb891a580905d9e94b3bd5e03.jpg,640,640,bxw,4,98,617,499
IMG_20180917_123940_jpg.rf.35c54a9c922727354b687e7197a2aa9c.jpg,640,640,healthy,71,40,590,600
IMG_20180916_103303_jpg.rf.38695276e174847a8bd3e9f3656b4275.jpg,640,640,healthy,12,167,620,540
IMG_20190208_111637_jpg.rf.3a245387f9a9051cecdb8b6411ce1c23.jpg,640,640,healthy,101,47,520,599
IMG_20180821_112458_jpg.rf.39cf078417495e6bfc6ca7e87f207e65.jpg,640,640,bxw,130,24,574,634
IMG_20180821_141537_jpg.rf.3457256e30acd3b38e573b202b552d7b.jpg,640,640,bxw,40,179,529,472
IMG_20180917_110946_jpg.rf.37ff3f2fc4ee5ceaab7a4abf9bcdb3d9.jpg,640,640,healthy,4,35,636,625
IMG_20180821_142122_jpg.rf.38578128e1422df3e2ce0bfeb71dec5b.jpg,640,640,bxw,171,18,497,571
20190207_164422_jpg.rf.3691747ffca9fadeaccd3b8fa263cc3d.jpg,640,640,healthy,170,14,475,580
IMG_20180916_123550_jpg.rf.3877301cc1d0872d80bef4b25693b3b5.jpg,640,640,healthy,176,13,512,605
IMG_20180821_123446_jpg.rf.381e14eb652b951429317fce00fa1473.jpg,640,640,bxw,103,19,513,619
IMG_20180916_103204_jpg.rf.38337592f1bbf34454662f3728dc1beb.jpg,640,640,healthy,64,179,594,531
IMG_20180821_130420_jpg.rf.3b8f4d78cffdae1c0b52d69ff7b4bd2c.jpg,640,640,bxw,20,152,623,487
IMG_20180916_122919_jpg.rf.3a79ecadd86e7624b2d1dec9aa280561.jpg,640,640,healthy,45,91,600,444
IMG_20180821_132821_jpg.rf.3998e0d64e443b703b6cfcd1f4a1bb80.jpg,640,640,bxw,0,143,591,451
IMG_20180916_122412_jpg.rf.3a6d4e13d1cf81d5661aa1691033ed9d.jpg,640,640,healthy,167,46,521,607
IMG_20180916_122516_jpg.rf.34d11653d706835562fe4dc3f1393f1f.jpg,640,640,healthy,180,31,530,631
IMG_20180821_132939_jpg.rf.38589b823c68de2989726870f0a29e01.jpg,640,640,bxw,24,131,614,466
IMG_20180916_120637_jpg.rf.3bfc3361c2992e538fa577c8d06e91ae.jpg,640,640,healthy,190,21,533,599
IMG_20180821_141116_jpg.rf.3e259d07800d55fd5be2f10eb5a2abb8.jpg,640,640,bxw,171,0,460,592
IMG_20180917_123729_jpg.rf.38a27d954c98a5a70c68093b8deb3483.jpg,640,640,healthy,85,101,497,538
IMG_20180817_135408_jpg.rf.3969c2d5fdc388c666558dacb5f480c9.jpg,640,640,bxw,11,88,599,475
IMG_20180817_135730_jpg.rf.3e46b1f1bea65ffdb866458c2d168a2b.jpg,640,640,bxw,106,27,444,640
IMG_20180917_105223_jpg.rf.3fa22e01ef4d144b4c35718e545c19e8.jpg,640,640,healthy,26,35,625,640
IMG_20180821_141437_jpg.rf.38f3f42c0b9926256d8ab860871fd7be.jpg,640,640,bxw,3,115,609,489
20190207_172659_jpg.rf.3b70812051d8acddca81179f4bd68a4c.jpg,640,640,healthy,36,173,634,460
IMG_20180916_125004_jpg.rf.43281587732d2e1902b6c3c7f7ef17d6.jpg,640,640,healthy,210,36,523,628
IMG_20180821_142454_jpg.rf.3ec0f25e5fcec1a9cf8ac1b8f334ef87.jpg,640,640,bxw,102,152,599,450
IMG_20180821_122359_jpg.rf.3e6b09139d2382d15e309fb9eb6e1ad8.jpg,640,640,bxw,120,46,576,627
20190207_180034_jpg.rf.3f0de1b0cc4abe512fabd31eca2fa3a9.jpg,640,640,healthy,149,49,496,619
IMG_20180821_141431_jpg.rf.38e805d026c7c0982f5880cb395cb211.jpg,640,640,bxw,37,148,577,467
IMG_20180821_140955_jpg.rf.3a2f3e27136a75589e74143b37ed2cb8.jpg,640,640,bxw,119,8,478,615
IMG_20180821_142618_jpg.rf.3bbdcee7817a6b7b6fc236d84370e9b6.jpg,640,640,bxw,190,68,481,633
IMG_20180916_110537_jpg.rf.3ab604698e763afc5830f9e42fc6bfa7.jpg,640,640,healthy,11,79,629,509
IMG_20180821_125939_jpg.rf.3d1be1ee7d108e7a93d9d7481791d3ee.jpg,640,640,bxw,0,120,609,414
IMG_20180821_130520_jpg.rf.416fa07eedb3f95a5d00625658eccf57.jpg,640,640,bxw,150,16,515,592
IMG_20180917_110924_jpg.rf.3c8e1c66ec6c3b38f83a517961c63d20.jpg,640,640,healthy,45,63,520,561
IMG_20180817_140302_jpg.rf.3f537606ff906ec2c9b662d4f3980f15.jpg,640,640,bxw,54,246,615,501
IMG_20180821_140036_jpg.rf.42398d21760f30dd5f86e01712f481db.jpg,640,640,bxw,193,88,445,559
IMG_20180821_113412_jpg.rf.42ef5a9b8d5ec69b89a243c205f2d435.jpg,640,640,bxw,5,66,629,594
IMG_20180916_110933_jpg.rf.4334f49df2c67a94a77f60922c6a61be.jpg,640,640,healthy,25,94,590,432
IMG_20180821_133440_jpg.rf.405315277138943984280b2fdad955dc.jpg,640,640,bxw,131,9,455,620
IMG_20180821_123639_jpg.rf.3eb627de825c0badf397761e150959c9.jpg,640,640,bxw,152,73,558,612
IMG_20180821_130215_jpg.rf.425b682829b4f3d78c25e556045fd95c.jpg,640,640,bxw,105,9,552,613
IMG_20180916_103252_jpg.rf.442c959b32c4b041abc355ffa75d222a.jpg,640,640,healthy,69,209,569,507
IMG_20180821_113519_jpg.rf.4665fa0211c4e53dac05c8f30a2da6ed.jpg,640,640,bxw,132,30,586,640
IMG_20180916_110825_jpg.rf.43f2b2a91f1b5bfea57dab8533245748.jpg,640,640,healthy,27,96,589,444
IMG_20180821_130242_jpg.rf.4352b003ef973928a9655fd102fed47c.jpg,640,640,bxw,12,163,627,459
IMG_20180917_120640_jpg.rf.49e067ec35584906cee1fef72700129f.jpg,640,640,healthy,124,64,591,511
20190207_173839_jpg.rf.474efb4f5947ddf97cda763d5f69d1d8.jpg,640,640,healthy,120,25,490,602
IMG_20180917_123620_jpg.rf.46b2eeb1f2d50a711e41c55b03ffb44b.jpg,640,640,healthy,52,138,558,616
IMG_20180916_120958_jpg.rf.45cf07539afc9ee79fc91d1cb0041b22.jpg,640,640,healthy,0,82,615,458
IMG_20180916_112557_jpg.rf.493292d86cc93bc22fe6b79e8238e4e1.jpg,640,640,healthy,180,18,539,622
IMG_20180821_140321_jpg.rf.44786944a22ec147519c6782603e6744.jpg,640,640,bxw,189,34,495,614
IMG_20180916_125725_jpg.rf.4afcde79fe40a106b7cedb7ff82a2e3c.jpg,640,640,healthy,149,9,500,619
IMG_20180821_140325_jpg.rf.496c2b1929bac2f1af2312c05a37294a.jpg,640,640,bxw,174,35,493,608
IMG_20180821_114055_jpg.rf.44f4411731b853b7d463ee7d81321a71.jpg,640,640,bxw,38,106,606,617
IMG_20180916_122107_jpg.rf.4970fd2398db8dab558644d0d12431b2.jpg,640,640,healthy,60,9,438,623
IMG_20180821_120944_jpg.rf.456e28eb07d7f499414ac2a5e550194b.jpg,640,640,bxw,17,42,628,572
IMG_20190208_111134_jpg.rf.456ee66399edb1f0bc0f920266f1794a.jpg,640,640,healthy,90,32,572,614
IMG_20180821_121505_jpg.rf.46ba69cec043a84d3cea03348ab218af.jpg,640,640,bxw,55,109,640,565
IMG_20180821_141645_jpg.rf.4af4ba847fad42911fb7a0151611ce85.jpg,640,640,bxw,174,18,525,610
IMG_20180821_140354_jpg.rf.49868c15ec02eac233e03c54eb6df7bd.jpg,640,640,bxw,166,12,484,610
IMG_20180821_132842_jpg.rf.48571275fbe82f835191cff29be32e0c.jpg,640,640,bxw,4,84,594,453
IMG_20180821_122459_jpg.rf.4b2fcafd8fabf772cfe66386ad782509.jpg,640,640,bxw,141,67,560,635
IMG_20190208_113949_jpg.rf.448ea67d2ad274d42057fc71a16b9f14.jpg,640,640,healthy,81,59,539,633
IMG_20180821_130505_jpg.rf.4712feef854093f660f053487407bfb6.jpg,640,640,bxw,189,30,489,620
IMG_20180916_115137_jpg.rf.485cee26caa56edb2df2231ca441d25c.jpg,640,640,healthy,86,18,439,607
C360_2018-09-17-10-49-50-408_jpg.rf.48f505b537eb0eaefdac2bf000e8bb25.jpg,640,640,healthy,190,16,529,640
IMG_20180821_133246_jpg.rf.4c4e7b935f710c961cd8b3decb4a6567.jpg,640,640,bxw,7,189,614,485
IMG_20180916_115506_jpg.rf.4bf23b3834b535ae802a16cad002dd50.jpg,640,640,healthy,174,17,489,612
IMG_20180821_112635_jpg.rf.4c5616877d06f22f4a24b9ee6aba934c.jpg,640,640,bxw,11,15,579,479
IMG_20180916_124922_jpg.rf.4f7f0c5dcd07fd2623c441a4f1f4fc68.jpg,640,640,healthy,189,15,533,603
IMG_20180917_120639_jpg.rf.4e1f349d33dba187ad32a133779abe45.jpg,640,640,healthy,120,66,587,516
IMG_20180917_123914_jpg.rf.4df1555321b9ac57e8fac595ae31e451.jpg,640,640,healthy,43,56,602,580
IMG_20180821_123001_jpg.rf.4f986b219009e2d8326cf6caed042a40.jpg,640,640,bxw,48,69,572,591
IMG_20180917_122700_jpg.rf.4cafbffef042d16dfb69581f14fdd5fc.jpg,640,640,healthy,42,19,601,574
IMG_20180817_140425_jpg.rf.4d257df85f7be8060cf4576fa48c4bb7.jpg,640,640,bxw,61,24,404,622
IMG_20180917_111148_1_jpg.rf.4f4843dd80434a0015d93c2325ea50b1.jpg,640,640,healthy,100,141,552,571
IMG_20180817_141606_jpg.rf.4e91386a6458fbaa67da401a871d689b.jpg,640,640,bxw,31,205,624,592
IMG_20180917_123703_jpg.rf.4e5620cb40095bce161edc26330dcf3c.jpg,640,640,healthy,47,150,507,590
IMG_20180821_112718_jpg.rf.516566e456d1495e28f3d19230f98642.jpg,640,640,bxw,84,0,576,610
IMG_20180821_121521_jpg.rf.54bbf30adedc6d14369c7f84b9847028.jpg,640,640,bxw,2,64,591,558
IMG_20180821_134219_jpg.rf.51c9a3cbfc22f45832c642b19dcc7c3f.jpg,640,640,bxw,76,25,454,637
IMG_20180821_122759_jpg.rf.502cbc05c0bf57279941976ff17b939b.jpg,640,640,bxw,29,134,590,492
IMG_20180916_112458_jpg.rf.532a4dd8b022c925c0fd7724ea24eceb.jpg,640,640,healthy,176,42,524,622
IMG_20180916_130121_jpg.rf.542fcaac88b439413c20aa459eef35e8.jpg,640,640,healthy,3,173,638,503
IMG_20180916_130121_jpg.rf.542fcaac88b439413c20aa459eef35e8.jpg,640,640,healthy,405,553,640,640
IMG_20180917_123045_jpg.rf.553932951fd185c9ec016b6d85e9f378.jpg,640,640,healthy,76,146,531,614
IMG_20180916_124607_jpg.rf.5426f2f196d86373306d450b800f991c.jpg,640,640,healthy,130,19,505,627
IMG_20180916_114548_jpg.rf.555176eb0a42dbeff5cb92d328355760.jpg,640,640,healthy,30,105,615,435
IMG_20180821_131617_jpg.rf.49a718a57adfa54ec2b9b20fc46288f5.jpg,640,640,bxw,163,66,484,612
IMG_20180821_122754_jpg.rf.53101bd7981f975fb0da2956ac98ffad.jpg,640,640,bxw,153,36,530,627
IMG_20180821_122754_jpg.rf.53101bd7981f975fb0da2956ac98ffad.jpg,640,640,bxw,0,0,260,205
IMG_20180916_105411_jpg.rf.523eee8277d7fb81fc30109463dce133.jpg,640,640,healthy,26,100,614,472
IMG_20180821_130744_jpg.rf.556b54b648018101cd9b1b6c1a7e7330.jpg,640,640,bxw,129,45,611,629
IMG_20180916_125732_jpg.rf.552207dbb575e012badaa0f2d4872aaf.jpg,640,640,healthy,170,0,483,598
IMG_20180916_110702_jpg.rf.52a67c8e1d6623a905aaba021ee56bd8.jpg,640,640,healthy,30,80,628,490
IMG_20180821_112207_jpg.rf.4e8e6b725296e71648c3b2646d34f161.jpg,640,640,bxw,110,21,555,627
IMG_20190211_105507_jpg.rf.55351c5b9daa77eaa3db09de2b9c21b6.jpg,640,640,healthy,0,0,640,547
20190207_172727_jpg.rf.54e75e68022e740ffca36f297d5c76ee.jpg,640,640,healthy,113,8,453,623
20190207_172727_jpg.rf.54e75e68022e740ffca36f297d5c76ee.jpg,640,640,healthy,113,7,452,622
IMG_20180916_122819_jpg.rf.549d344f7fcf1afc5f3e037b286300a5.jpg,640,640,healthy,72,135,609,495
IMG_20180821_122814_jpg.rf.56e1ef542dd1418dfd237e67e6cfe345.jpg,640,640,bxw,111,53,522,604
IMG_20180821_130926_jpg.rf.55005e9d16edde42b5b482e5609087ea.jpg,640,640,bxw,32,19,594,547
IMG_20180821_132332_jpg.rf.57099fc0d61cd91b95818ca74b3f5452.jpg,640,640,bxw,2,185,601,493
IMG_20180917_124759_jpg.rf.568275de9f36580a153f6804b99f304c.jpg,640,640,healthy,33,38,595,604
IMG_20180821_131633_jpg.rf.5638667f33ae7bad5be19f5ecd339ada.jpg,640,640,bxw,140,18,466,594
IMG_20180916_125748_jpg.rf.55c020392186fb9edeb0178cbfa27e27.jpg,640,640,healthy,211,55,511,615
20190207_180319_jpg.rf.5907b68f054b22bfe74f272aa46d615b.jpg,640,640,healthy,189,9,454,613
IMG_20180821_125858_jpg.rf.57d4f54ec37b4231c6204ac64069614b.jpg,640,640,bxw,112,11,462,629
IMG_20180821_133029_jpg.rf.5770e4d95ce6782724ce345c100eba74.jpg,640,640,bxw,29,139,618,471
IMG_20180821_122821_jpg.rf.596a87bb5b9c2d752a4b52df7e35252e.jpg,640,640,bxw,143,41,450,632
IMG_20180821_122821_jpg.rf.596a87bb5b9c2d752a4b52df7e35252e.jpg,640,640,bxw,0,217,143,640
IMG_20180821_122821_jpg.rf.596a87bb5b9c2d752a4b52df7e35252e.jpg,640,640,bxw,326,585,523,640
IMG_20180821_140752_jpg.rf.58cd0f4aa34db80f705dcae2fd3d6c98.jpg,640,640,bxw,149,20,464,593
IMG_20180821_133405_jpg.rf.5ae6653076b767c2d54a92c2e4204305.jpg,640,640,bxw,5,135,584,489
IMG_20180916_114442_jpg.rf.57dd4d9461918dba1b608f56f7fb415d.jpg,640,640,healthy,37,123,604,470
IMG_20180916_103838_jpg.rf.57617866e941194348f80d3796f6b7d6.jpg,640,640,healthy,155,146,510,388
IMG_20190208_113326_jpg.rf.55c525bd8f5838e5a5a4c05356c77b74.jpg,640,640,healthy,53,35,504,612
IMG_20180821_131726_jpg.rf.56931310a400002defc91992d26d2c2e.jpg,640,640,bxw,199,14,496,573
IMG_20180821_140835_jpg.rf.5725aaf49abddd5ea04b4ef48eac15c0.jpg,640,640,bxw,96,27,429,629
IMG_20190208_111434_jpg.rf.5baa4bded466ab11e21dd6c8aa8b00b5.jpg,640,640,healthy,34,74,619,544
IMG_20190208_112222_jpg.rf.57ec5992c7765eb60f8b0df94fa1450c.jpg,640,640,healthy,140,57,533,608
IMG_20180821_143152_jpg.rf.59056cfb1216409b308f68ad93c4e5cb.jpg,640,640,bxw,122,55,430,623
IMG_20190208_111711_jpg.rf.58521e653fd48c8c5b123033fab16a37.jpg,640,640,healthy,82,8,484,594
IMG_20180916_124418_jpg.rf.5ca20465e87e1def1f0f12eac82a3b10.jpg,640,640,healthy,29,55,640,506
IMG_20180821_122051_jpg.rf.58a42a560bc3dbed86b3f9f0d5358358.jpg,640,640,bxw,100,16,535,600
IMG_20180917_124029_jpg.rf.5bd960b99a710ddf3d5cdc0ec61009ef.jpg,640,640,healthy,29,35,640,640
C360_2018-09-17-10-39-56-389_jpg.rf.529e432ec0e79bf4142867d27357aa56.jpg,640,640,healthy,28,124,580,455
IMG_20180917_110722_jpg.rf.5aafda1a28d8c5217ece48fc8fdeb2fa.jpg,640,640,healthy,9,23,590,619
IMG_20180917_120703_jpg.rf.594d377efc4a0e68afe55abd40e52392.jpg,640,640,healthy,160,109,600,565
IMG_20180821_140648_jpg.rf.5bcecdebdac121f02c7276130e6993b2.jpg,640,640,bxw,21,131,629,446
IMG_20180821_122601_jpg.rf.5cc045ed8463d3b51343c351cee3c8bb.jpg,640,640,bxw,133,44,537,611
IMG_20180916_122654_jpg.rf.5b470f95edfdf65755d35a499ffa1a3d.jpg,640,640,healthy,22,96,585,427
IMG_20180821_141112_jpg.rf.5aef6e10cf0c8eed5476d353997e374e.jpg,640,640,bxw,135,0,471,583
IMG_20190208_112226_jpg.rf.5aee67e62d9e1996873cac5cea70bf9e.jpg,640,640,healthy,84,20,555,632
IMG_20190208_111342_jpg.rf.6178750191ba66d3e567d870bdaa0bfb.jpg,640,640,healthy,25,7,630,526
IMG_20180917_105156_jpg.rf.5c62e94d5e0a99ca614e60eadcd28323.jpg,640,640,healthy,8,87,574,606
IMG_20180917_123913_jpg.rf.61c6f0be9d1196ce3c628817f1cb4fe4.jpg,640,640,healthy,40,55,598,576
IMG_20180817_142252_jpg.rf.5d3471e8031d84f892e2b0ec558bf112.jpg,640,640,bxw,160,33,489,638
IMG_20180821_122122_jpg.rf.5ea047e73c7981da17668767bad2dc04.jpg,640,640,bxw,111,41,535,631
IMG_20180916_122803_jpg.rf.62bfc7c8f0da67559b6d061d1e44c68a.jpg,640,640,healthy,25,134,612,480
20190207_181810_jpg.rf.5f723bdbde4c8ffae3f9f191e8a76a58.jpg,640,640,healthy,91,26,418,633
20190207_173800_jpg.rf.630cb6086f5356f207c482135536dd9d.jpg,640,640,healthy,53,162,612,495
IMG_20180821_122525_jpg.rf.5dc7af3bf4650b0832ccf909e8d81e7b.jpg,640,640,bxw,105,45,506,640
IMG_20180821_141731_jpg.rf.5cd53947b2a52431c9763fb8d4e13580.jpg,640,640,bxw,26,158,600,487
IMG_20180916_110644_jpg.rf.5deeefd4a51ce2273a22540baec524fe.jpg,640,640,healthy,8,101,594,488
IMG_20180917_123506_jpg.rf.5fcefa91577b17a401204b562ac7a46b.jpg,640,640,healthy,200,140,554,472
IMG_20180917_120653_jpg.rf.60bf58889e83a8ddae19a4a90f7236a7.jpg,640,640,healthy,122,90,621,572
IMG_20180917_122503_jpg.rf.5f066f9e99b7657147a58b7cb3a80384.jpg,640,640,healthy,98,121,517,534
20190207_173843_jpg.rf.61dc084c812d867900bcc0eb644266f6.jpg,640,640,healthy,180,37,452,617
IMG_20180916_112950_jpg.rf.6142b11d9285d938bf8ad034447a58db.jpg,640,640,healthy,20,93,624,454